,StockPrice,ImpliedVol_OTM_Put,ImpliedVol_ATM,ImpliedVol_OTM_Call,MMPortfolioValue,TitleSentiment,ContentSentiment,Divergence,Model
0,99.05261355675454,0.2,0.2,0.2,0.0,-0.296,-0.4660371541976928,0.17003715419769283,Mixed
1,97.32371952058021,0.2,0.19940088414510937,0.2,3.926667305922308,0.0,-0.3253911435604095,0.3253911435604095,Mixed
2,99.53462560171711,0.2,0.19940088414510937,0.2,10.78004070485639,0.1779,-0.0079860128462314,0.1858860128462314,Mixed
3,100.89269127345365,0.2,0.19940088414510937,0.2,12.358222177120126,0.0,-0.2081257998943328,0.2081257998943328,Mixed
4,101.72084278079778,0.2,0.19880356298925653,0.2,15.432594556606631,0.0,0.5676647424697876,0.5676647424697876,Mixed
5,101.9509623828678,0.2,0.19880356298925653,0.2,16.326989191911764,0.0,0.0,0.0,Mixed
6,100.14291850873711,0.2,0.1982080311562784,0.2003002176015349,22.33974997363498,0.6808,0.0,0.6808,Mixed
7,97.05541576055855,0.2,0.19761428328611635,0.2003002176015349,48.50249006143551,-0.1531,0.893648624420166,1.046748624420166,Mixed
8,98.68088522571452,0.2,0.19761428328611635,0.2003002176015349,56.46001675821668,0.0,0.0,0.0,Mixed
9,97.89987884427923,0.2,0.1970223140347685,0.2006008858561111,56.858741488536566,0.6369,0.1147987246513366,0.5221012753486635,Mixed
10,97.4804071758532,0.2,0.19643211807424105,0.2006008858561111,55.201763891789255,0.0,-0.5646994113922119,0.5646994113922119,Mixed
11,99.31646361199911,0.2,0.19584369009250083,0.2006008858561111,64.42927530679654,0.0,-0.532961905002594,0.532961905002594,Mixed
12,99.72842311968941,0.2,0.19525702479342713,0.2006008858561111,61.03163387057816,0.0,-0.7686641812324524,0.7686641812324524,Mixed
13,98.89441255987673,0.2003002176015349,0.19467211689676453,0.2006008858561111,54.93261688594882,-0.4767,0.0,0.4767,Mixed
14,97.6274944396176,0.2003002176015349,0.19408896113807445,0.20090200544019857,48.27439697451365,0.6369,-0.4965921938419342,1.1334921938419342,Mixed
15,95.83530394948222,0.2003002176015349,0.193507552268689,0.20090200544019857,82.71599090540045,0.0,-0.9266737699508668,0.9266737699508668,Mixed
16,95.21104319490381,0.2003002176015349,0.19292788505566255,0.20090200544019857,91.54941613856323,0.0,-0.9158535599708556,0.9158535599708556,Mixed
17,92.99920939002976,0.2003002176015349,0.1923499542817256,0.20120357703128255,198.76705812611664,0.296,-0.7532626390457153,1.0492626390457154,Mixed
18,92.20539752427031,0.2003002176015349,0.19177375474523706,0.20120357703128255,281.2230564082812,-0.1027,-0.6999520063400269,0.5972520063400268,Mixed
19,88.90695829580446,0.2003002176015349,0.19119928126013797,0.2015056013078654,410.37911866522484,0.743,-0.922640323638916,1.665640323638916,Mixed
20,90.86399463628734,0.2003002176015349,0.19119928126013797,0.20180807894946787,418.0575463806168,0.25,0.5215030312538147,0.2715030312538147,Mixed
21,88.97819434875873,0.2003002176015349,0.19062652865590468,0.20180807894946787,478.6155724118044,0.0,-0.8514328598976135,0.8514328598976135,Mixed
22,88.26996558437813,0.2003002176015349,0.19005549177750208,0.20180807894946787,506.4602092682678,0.0,-0.3367421329021454,0.3367421329021454,Mixed
23,88.76157250058402,0.2003002176015349,0.18948616548533717,0.20180807894946787,482.5500264373792,0.25,-0.7740878462791443,1.0240878462791443,Mixed
24,89.44241631424772,0.2003002176015349,0.18891854465521357,0.20180807894946787,484.6236648330546,0.0,0.644846498966217,0.644846498966217,Mixed
25,91.67820948730271,0.2003002176015349,0.18891854465521357,0.20180807894946787,485.0380820721074,0.0,0.0369130000472068,0.0369130000472068,Mixed
26,92.70131296114769,0.2006008858561111,0.18835262417828438,0.20180807894946787,430.0327543847657,-0.4019,0.2346800863742828,0.6365800863742828,Mixed
27,92.55753187222724,0.2006008858561111,0.1877883989610069,0.20211101063663084,454.78853224588704,0.4404,-0.8453971147537231,1.285797114753723,Mixed
28,94.37402679753407,0.2006008858561111,0.18722586392509646,0.20211101063663084,448.90142951651126,0.0,-0.5707823038101196,0.5707823038101196,Mixed
29,93.43798585054425,0.2006008858561111,0.1866650140074807,0.20241439705091635,384.063842925872,0.5574,-0.929438292980194,1.486838292980194,Mixed
30,91.65504344605137,0.2006008858561111,0.1866650140074807,0.20241439705091635,558.0482639003833,0.0,-0.0805688202381134,0.0805688202381134,Mixed
31,91.75810841717424,0.2006008858561111,0.1866650140074807,0.20241439705091635,558.2112514383953,0.0,0.0477088838815689,0.0477088838815689,Mixed
32,91.95265961199732,0.2006008858561111,0.18610584416025427,0.20241439705091635,547.196694958101,0.0,-0.5584771633148193,0.5584771633148193,Mixed
33,92.2338279828467,0.2006008858561111,0.18610584416025427,0.20241439705091635,548.3052212850002,0.0,0.0238035265356302,0.0238035265356302,Mixed
34,93.23157124311463,0.2006008858561111,0.1855483493506331,0.20241439705091635,446.2876711680644,0.0,-0.9084157943725586,0.9084157943725586,Mixed
35,93.01243533846,0.2006008858561111,0.18499252456090926,0.20241439705091635,410.0409481509679,0.0,-0.6192478537559509,0.6192478537559509,Mixed
36,93.37724845349993,0.2006008858561111,0.1844383647884057,0.20241439705091635,374.78019595257064,0.0,-0.8535124659538269,0.8535124659538269,Mixed
37,93.05234324782346,0.2006008858561111,0.1844383647884057,0.20241439705091635,395.29944233170414,0.0,0.0,0.0,Mixed
38,91.94383128037387,0.2006008858561111,0.18388586504543147,0.2027182388749102,528.2510828845201,0.3182,-0.4605433344841003,0.7787433344841003,Mixed
39,90.17071660062263,0.2006008858561111,0.1833350203592363,0.2027182388749102,643.31503579899,0.0,0.8059352040290833,0.8059352040290833,Mixed
40,89.86210457670161,0.2006008858561111,0.1833350203592363,0.2027182388749102,685.1441895574281,0.0,-0.0098054390400648,0.0098054390400648,Mixed
41,89.7799164064475,0.2006008858561111,0.18278582577196667,0.2030225367922222,677.3754180624502,0.5563,-0.8516430258750916,1.4079430258750916,Mixed
42,88.08980310135212,0.2006008858561111,0.18278582577196667,0.2030225367922222,1034.1927904458437,0.0,-0.0566482841968536,0.0566482841968536,Mixed
43,87.47377627066325,0.2006008858561111,0.1822382763406202,0.20332729148748865,1193.376875350612,0.6249,-0.2150547206401825,0.8399547206401825,Mixed
44,90.30001583887473,0.2006008858561111,0.1822382763406202,0.20332729148748865,809.1203536170848,0.0,0.0553695559501647,0.0553695559501647,Mixed
45,91.58180593058844,0.2006008858561111,0.1822382763406202,0.20332729148748865,745.370293196144,0.0,0.0119719952344894,0.0119719952344894,Mixed
46,91.30168328954018,0.2006008858561111,0.1822382763406202,0.20332729148748865,746.7154863328913,0.0,0.1422074735164642,0.1422074735164642,Mixed
47,92.17304288709063,0.2006008858561111,0.18169236713700215,0.20332729148748865,800.8681210958646,0.0,-0.7186067700386047,0.7186067700386047,Mixed
48,91.31652691447086,0.2006008858561111,0.18114809324768,0.20332729148748865,727.8159375015301,0.0,0.8095428347587585,0.8095428347587585,Mixed
49,90.79922214977316,0.2006008858561111,0.1806054497739404,0.20332729148748865,758.2117527455297,0.0,0.605836033821106,0.605836033821106,Mixed
50,91.33814956159996,0.2006008858561111,0.18006443183174425,0.20363250364637345,695.0648893442199,0.7269,0.0,0.7269,Mixed
51,90.90999565872669,0.2006008858561111,0.17952503455168284,0.2039381739555698,733.6532523683281,0.5574,0.0,0.5574,Mixed
52,87.42104735678669,0.2006008858561111,0.17898725307893426,0.2039381739555698,1677.2720102450166,0.0,-0.5486747622489929,0.5486747622489929,Mixed
53,87.18756031664905,0.2006008858561111,0.17845108257321957,0.20424430310280153,1679.900496165731,0.5574,0.0,0.5574,Mixed
54,88.45150735454902,0.2006008858561111,0.17791651820875928,0.20424430310280153,1343.7732852994804,0.0,-0.9021173715591432,0.9021173715591432,Mixed
55,87.86608287537125,0.2006008858561111,0.17738355517423013,0.20424430310280153,1444.6657503144122,0.0,0.6679150462150574,0.6679150462150574,Mixed
56,88.33360155279846,0.20090200544019857,0.17685218867272132,0.20424430310280153,1317.2933727074933,-0.4588,0.5559024810791016,1.0147024810791017,Mixed
57,87.65682150314518,0.20120357703128255,0.17632241392169148,0.20424430310280153,1557.9888579240942,-0.5574,0.0240681245923042,0.5814681245923042,Mixed
58,88.00921713386205,0.20120357703128255,0.17579422615292598,0.204550891776825,1410.4366767651572,0.3612,0.0,0.3612,Mixed
59,87.8648407699824,0.20120357703128255,0.17526762061249365,0.204550891776825,1389.5849123356425,0.0,-0.8692125678062439,0.8692125678062439,Mixed
60,87.67900991200455,0.20120357703128255,0.17474259256070407,0.204550891776825,1517.6309206118876,0.0,0.4178410172462463,0.4178410172462463,Mixed
61,86.30989004251714,0.2015056013078654,0.17421913727206498,0.204550891776825,1917.1521556458865,-0.3182,-0.9040281772613524,0.5858281772613525,Mixed
62,87.02050041201969,0.2015056013078654,0.17369725003523942,0.204550891776825,1666.063682283614,0.0258,-0.5993826389312744,0.6251826389312745,Mixed
63,84.47322529184453,0.20180807894946787,0.17317692615300428,0.204550891776825,2420.565645975194,-0.5994,0.0875025764107704,0.6869025764107705,Mixed
64,84.94862445295243,0.20180807894946787,0.17265816094220676,0.20485794066743038,2274.8573410047848,0.4404,-0.2020927369594574,0.6424927369594574,Mixed
65,84.27897837983292,0.20211101063663084,0.17214094973372304,0.20485794066743038,2505.695532739921,-0.3182,0.4371826648712158,0.7553826648712159,Mixed
66,85.4095703187084,0.20211101063663084,0.17162528787241596,0.20516545046544316,2244.219513637134,0.6597,-0.0229964293539524,0.6826964293539524,Mixed
67,84.8009819062501,0.20211101063663084,0.17162528787241596,0.20516545046544316,2326.853027331833,0.0,-0.1578709036111831,0.1578709036111831,Mixed
68,83.91806962858627,0.20211101063663084,0.1711111707170933,0.20516545046544316,2707.8579294275955,0.1531,-0.8346226215362549,0.9877226215362549,Mixed
69,83.94472644535162,0.20211101063663084,0.1711111707170933,0.20516545046544316,2707.9701851109376,0.0,0.1594436317682266,0.1594436317682266,Mixed
70,84.95823445377026,0.20241439705091635,0.17059859364046573,0.20516545046544316,2339.4828016338847,-0.5106,0.0,0.5106,Mixed
71,85.13517060598798,0.20241439705091635,0.1700875520291055,0.20547342186272602,2336.712716292577,0.3612,-0.7758270502090454,1.1370270502090454,Mixed
72,86.49709721059129,0.20241439705091635,0.1700875520291055,0.20547342186272602,2100.072397499933,0.0,0.1928759813308715,0.1928759813308715,Mixed
73,86.70889506649281,0.20241439705091635,0.16957804128340456,0.20547342186272602,2002.9870814290102,0.0,-0.8233130574226379,0.8233130574226379,Mixed
74,86.71793459167692,0.20241439705091635,0.16957804128340456,0.20547342186272602,2003.0221996848004,0.0,0.0,0.0,Mixed
75,86.3845816460185,0.20241439705091635,0.1690700568175335,0.20547342186272602,2130.8164315904824,0.2023,-0.9289270043373108,1.1312270043373107,Mixed
76,85.125981135378,0.2027182388749102,0.1690700568175335,0.20547342186272602,2398.995874229185,-0.34,-0.2971015274524688,0.04289847254753121,Mixed
77,84.50204597058054,0.2027182388749102,0.1690700568175335,0.20547342186272602,2593.1675491474716,-0.2732,0.0,0.2732,Mixed
78,85.07353315446393,0.2027182388749102,0.16856359405940013,0.20578185555218004,2411.6689381951246,0.34,0.0,0.34,Mixed
79,84.63231498145275,0.2027182388749102,0.16856359405940013,0.20578185555218004,2530.920032675943,0.0,0.0144490953534841,0.0144490953534841,Mixed
80,85.1950573496022,0.2027182388749102,0.16805864845060833,0.20609075222774642,2342.1105935915275,0.34,-0.6551041603088379,0.995104160308838,Mixed
81,84.40563967982546,0.2027182388749102,0.16755521544641694,0.20609075222774642,2615.0501277933395,0.0,-0.8629813194274902,0.8629813194274902,Mixed
82,83.82661152708755,0.2027182388749102,0.16705329051569903,0.20609075222774642,2839.2882544764707,0.0,0.7991282939910889,0.7991282939910889,Mixed
83,85.15596307882788,0.2030225367922222,0.16655286914090095,0.20609075222774642,2363.3401258366653,-0.7351,0.2299142926931381,0.9650142926931381,Mixed
84,86.11376904661104,0.20332729148748865,0.16605394681800173,0.20609075222774642,2208.5259226332864,-0.6486,0.0,0.6486,Mixed
85,84.79913276402468,0.20363250364637345,0.16605394681800173,0.20609075222774642,2500.603036042385,-0.5187,-0.6422514319419861,0.12355143194198603,Mixed
86,85.27164230600366,0.2039381739555698,0.16555651905647242,0.20609075222774642,2399.733501308715,-0.3612,-0.0108059830963611,0.3503940169036389,Mixed
87,87.26134040096858,0.2039381739555698,0.16555651905647242,0.20609075222774642,2044.9253704822577,0.0,0.0093848621472716,0.0093848621472716,Mixed
88,89.0648044960787,0.2039381739555698,0.16555651905647242,0.20609075222774642,1581.4095242239043,0.0,0.2865919172763824,0.2865919172763824,Mixed
89,89.4355382664355,0.2039381739555698,0.16506058137923615,0.20640011258440805,1723.004025277625,0.4588,-0.4845203459262848,0.9433203459262848,Mixed
90,88.53063739341013,0.2039381739555698,0.1645661293226273,0.20640011258440805,1713.150360796794,-0.1531,-0.6464498043060303,0.49334980430603026,Mixed
91,88.80794227315405,0.2039381739555698,0.16407315843635148,0.20670993731819126,1485.5979935512348,0.5859,-0.0080495104193687,0.5939495104193687,Mixed
92,86.42091701126037,0.2039381739555698,0.16407315843635148,0.20670993731819126,2663.8648221640196,0.25,0.0136527121067047,0.2363472878932953,Mixed
93,85.90553503396602,0.2039381739555698,0.16407315843635148,0.20670993731819126,2674.0934733159875,0.2944,0.2279640436172485,0.06643595638275149,Mixed
94,86.91837396110014,0.2039381739555698,0.1635816642834455,0.20670993731819126,2500.8586640681924,0.0,-0.8547900915145874,0.8547900915145874,Mixed
95,86.05830486756217,0.2039381739555698,0.1635816642834455,0.20670993731819126,2707.965017594395,0.0,0.0,0.0,Mixed
96,84.83720641425019,0.20424430310280153,0.1635816642834455,0.20670993731819126,3114.8798258192687,-0.4019,-0.3114939033985138,0.09040609660148619,Mixed
97,85.93396617340959,0.20424430310280153,0.1635816642834455,0.20670993731819126,2809.6085198514907,0.0,-0.0605544745922088,0.0605544745922088,Mixed
98,84.99974398743097,0.204550891776825,0.16309164244023744,0.20670993731819126,3162.484330096964,-0.4023,0.0,0.4023,Mixed
99,87.17923132461722,0.204550891776825,0.16260308849630686,0.20670993731819126,2601.396538523994,0.0,0.4832965135574341,0.4832965135574341,Mixed
100,86.44096930653618,0.204550891776825,0.16260308849630686,0.20670993731819126,2987.5461908776097,0.0,-0.0854469984769821,0.0854469984769821,Mixed
101,85.72558801084945,0.20485794066743038,0.16211599805444518,0.20670993731819126,3061.29325192072,-0.34,0.5208168029785156,0.8608168029785157,Mixed
102,84.92566316580451,0.20485794066743038,0.16163036673061584,0.20670993731819126,3324.0772538682645,0.0,0.4036485254764557,0.4036485254764557,Mixed
103,84.04503745526593,0.20485794066743038,0.16114619015391518,0.20670993731819126,4008.6075606873806,-0.128,-0.8370978236198425,0.7090978236198425,Mixed
104,83.40721302259337,0.20485794066743038,0.1606634639665329,0.20670993731819126,4494.957661488499,0.0,-0.9230316877365112,0.9230316877365112,Mixed
105,85.78959126781434,0.20485794066743038,0.16018218382371294,0.2070202271261667,3223.726313038526,0.2732,0.8983592391014099,0.6251592391014099,Mixed
106,85.67180424990394,0.20516545046544316,0.15970234539371386,0.2070202271261667,3182.6958251259225,-0.5423,0.0108082927763462,0.5531082927763462,Mixed
107,87.22952208108775,0.20516545046544316,0.15970234539371386,0.2070202271261667,2817.766834406949,0.0258,0.0,0.0258,Mixed
108,87.11579303039888,0.20516545046544316,0.15970234539371386,0.2070202271261667,2818.461813077396,0.0,0.0,0.0,Mixed
109,85.91311130341336,0.20516545046544316,0.15922394435777085,0.20733098270645173,3243.933313938949,0.8591,-0.0863882899284362,0.9454882899284361,Mixed
110,84.5448731676304,0.20516545046544316,0.15874697641005595,0.20733098270645173,4032.7676908150206,0.0,0.6470737457275391,0.6470737457275391,Mixed
111,85.20283578719632,0.20547342186272602,0.15874697641005595,0.20733098270645173,3507.635745916781,-0.296,-0.035014446824789,0.260985553175211,Mixed
112,85.52086384819991,0.20547342186272602,0.15874697641005595,0.20733098270645173,3513.1508753048033,0.0,-0.0581702440977096,0.0581702440977096,Mixed
113,86.13271606678721,0.20547342186272602,0.15874697641005595,0.20764220475821177,3342.2300446079425,0.25,0.005197312682867,0.244802687317133,Mixed
114,85.06744488455122,0.20547342186272602,0.15874697641005595,0.20764220475821177,3805.6099169184563,0.1779,0.2714936733245849,0.0935936733245849,Mixed
115,83.69427859442976,0.20547342186272602,0.15874697641005595,0.20764220475821177,4917.864417278227,0.0,0.0,0.0,Mixed
116,83.2898696777821,0.20547342186272602,0.15874697641005595,0.20764220475821177,5258.425615592774,0.0,0.20225390791893,0.20225390791893,Mixed
117,83.59888830920094,0.20547342186272602,0.15827143725763967,0.20795389398166134,4960.88536390924,0.4588,0.1216512620449066,0.33714873795509337,Mixed
118,86.37925490473245,0.20578185555218004,0.15827143725763967,0.20795389398166134,3780.498112115048,-0.4585,-0.5169603824615479,0.05846038246154783,Mixed
119,86.80485613287928,0.20578185555218004,0.1577973226204527,0.20826605107806642,3548.0959988192076,0.3612,0.0,0.3612,Mixed
120,87.71087820306428,0.20578185555218004,0.1577973226204527,0.20826605107806642,3214.0010487348322,0.0,0.0,0.0,Mixed
121,88.0070415457668,0.20578185555218004,0.1577973226204527,0.20857867674974542,3146.2876389400776,0.296,0.0,0.296,Mixed
122,87.72826692596554,0.20578185555218004,0.15732462823124663,0.20889177170007106,3186.9732331414934,0.296,-0.2223757207393646,0.5183757207393646,Mixed
123,88.37514984844697,0.20578185555218004,0.15732462823124663,0.20889177170007106,3087.723727521005,-0.0516,-0.1976740658283233,0.1460740658283233,Mixed
124,87.98473314446593,0.20578185555218004,0.15685334983555613,0.20889177170007106,2986.133654300063,0.0,-0.4630276560783386,0.4630276560783386,Mixed
125,87.2679406743304,0.20609075222774642,0.15638348319166007,0.20889177170007106,3287.620951878942,-0.3612,-0.8952687978744507,0.5340687978744507,Mixed
126,87.37600007465349,0.20640011258440805,0.15638348319166007,0.20889177170007106,3285.657905501737,-0.3182,-0.1159954965114593,0.2022045034885407,Mixed
127,87.9130012347591,0.20640011258440805,0.1559150240705441,0.20889177170007106,2907.242655648541,0.1779,0.8440662622451782,0.6661662622451783,Mixed
128,86.90782931877565,0.20640011258440805,0.1559150240705441,0.20889177170007106,3514.363011500731,0.0,-0.0880384668707847,0.0880384668707847,Mixed
129,86.50915555596464,0.20640011258440805,0.15544796825586246,0.20889177170007106,3582.7866476569757,0.0,0.301022469997406,0.301022469997406,Mixed
130,86.46029191075424,0.20640011258440805,0.15498231154389924,0.20920533663347196,3654.426744589503,0.3818,-0.843560516834259,1.225360516834259,Mixed
131,86.61822659565316,0.20640011258440805,0.15498231154389924,0.20920533663347196,3431.127926646667,0.0,0.0006103999912738,0.0006103999912738,Mixed
132,85.97581501315496,0.20670993731819126,0.15451804974353145,0.20920533663347196,3622.004550385108,-0.743,0.6878880858421326,1.4308880858421325,Mixed
133,87.06696763892103,0.20670993731819126,0.15405517867619078,0.2095193722554339,3188.391140589633,0.4404,0.0512967109680175,0.3891032890319825,Mixed
134,87.98153277557603,0.2070202271261667,0.1535936941758262,0.2095193722554339,2807.639762203185,-0.3387,0.0095868548378348,0.3482868548378348,Mixed
135,89.01118828019926,0.2070202271261667,0.15313359208886632,0.20983387927250197,2843.1338101592355,0.4404,0.0150192342698574,0.4253807657301426,Mixed
136,88.74531067627643,0.2070202271261667,0.15313359208886632,0.20983387927250197,2841.3001067969158,0.0,0.0081528406590223,0.0081528406590223,Mixed
137,88.14215365724436,0.2070202271261667,0.15267486827418236,0.20983387927250197,2872.708005287395,-0.1139,-0.5828007459640503,0.4689007459640503,Mixed
138,89.56906041174628,0.2070202271261667,0.15221751860305033,0.20983387927250197,3501.548181630923,0.25,-0.1757055670022964,0.4257055670022964,Mixed
139,89.00973845373015,0.2070202271261667,0.15221751860305033,0.20983387927250197,2852.544632264601,0.1695,-0.0362641662359237,0.2057641662359237,Mixed
140,88.65668250909972,0.2070202271261667,0.15176153895911423,0.21014885839228173,2689.8144763244754,0.5719,0.0083468928933143,0.5635531071066857,Mixed
141,90.02773503973899,0.2070202271261667,0.15176153895911423,0.21014885839228173,4178.331626265497,0.0,-0.2901270389556885,0.2901270389556885,Mixed
142,89.22702424405831,0.2070202271261667,0.15176153895911423,0.21014885839228173,3031.5611327400948,0.0,0.0023586023598909,0.0023586023598909,Mixed
143,90.34856888591334,0.2070202271261667,0.15176153895911423,0.21014885839228173,4643.017333106706,0.0,-0.0557316504418849,0.0557316504418849,Mixed
144,90.14475125458205,0.2070202271261667,0.15130692523834915,0.21046431032344085,4216.371560555656,0.5719,0.0,0.5719,Mixed
145,91.1170868607263,0.2070202271261667,0.15085367334902391,0.21046431032344085,5346.676817460779,0.0,-0.8768138885498047,0.8768138885498047,Mixed
146,91.43712709915076,0.2070202271261667,0.15085367334902391,0.21046431032344085,5569.639290335856,0.0,0.0,0.0,Mixed
147,90.35209409239279,0.20733098270645173,0.15085367334902391,0.21046431032344085,4654.089337911977,-0.2732,0.0125063126906752,0.2857063126906752,Mixed
148,88.77258680531288,0.20733098270645173,0.15085367334902391,0.21046431032344085,2921.0712971214984,-0.0572,0.0,0.0572,Mixed
149,88.20281772506675,0.20733098270645173,0.1504017792116643,0.21078023577571087,2956.9027273928923,0.8779,-0.9299653768539428,1.8078653768539428,Mixed
150,91.71728758888719,0.20733098270645173,0.1504017792116643,0.21078023577571087,6684.884437360001,0.0,0.0585574805736541,0.0585574805736541,Mixed
151,94.31174399550623,0.20733098270645173,0.1504017792116643,0.21078023577571087,9840.155814890566,0.25,-0.02195505797863,0.27195505797863,Mixed
152,94.2655327213369,0.20733098270645173,0.1499512387590169,0.21078023577571087,9827.200300607756,0.0,-0.6900866627693176,0.6900866627693176,Mixed
153,93.51246387709995,0.20733098270645173,0.1495020479360118,0.2110966354598886,9313.769581691822,0.34,0.0,0.34,Mixed
154,92.3739625127732,0.20733098270645173,0.1495020479360118,0.2110966354598886,7991.842472219047,0.0,0.0,0.0,Mixed
155,92.48270027906625,0.20733098270645173,0.14905420269972625,0.2110966354598886,7894.154528845939,0.0,-0.8828652501106262,0.8828652501106262,Mixed
156,91.09978544660643,0.20733098270645173,0.14905420269972625,0.2110966354598886,6289.106790090139,0.0,-0.1008012443780899,0.1008012443780899,Mixed
157,92.34949328778805,0.20733098270645173,0.14905420269972625,0.2110966354598886,8106.311647949153,0.0,0.0,0.0,Mixed
158,91.57366166231711,0.20733098270645173,0.14905420269972625,0.2110966354598886,6721.437813734311,0.0,-0.2156919538974762,0.2156919538974762,Mixed
159,92.76255038597937,0.20764220475821177,0.14905420269972625,0.2110966354598886,8804.632998263649,-0.5489,-0.6970297694206238,0.14812976942062372,Mixed
160,91.896391972841,0.20764220475821177,0.14860769901934884,0.211413510087838,7409.89278807596,0.4588,0.0015564430505037,0.4572435569494963,Mixed
161,91.50336655194825,0.20764220475821177,0.14860769901934884,0.211413510087838,6775.055275066537,-0.0772,0.0046645943075418,0.08186459430754181,Mixed
162,91.20880686962022,0.20764220475821177,0.1481625328761422,0.21173086037249125,6390.39515230299,0.4019,0.0119266752153635,0.3899733247846365,Mixed
163,91.96966737432426,0.20764220475821177,0.1477187002634078,0.21204868702785098,7438.987822010418,0.7269,0.0,0.7269,Mixed
164,88.78792846341749,0.20764220475821177,0.14727619718644944,0.21204868702785098,4285.7179886964395,0.0,-0.7496165633201599,0.7496165633201599,Mixed
165,87.92831859451103,0.20764220475821177,0.14683501966253745,0.21204868702785098,4509.919688788075,0.25,-0.9204003810882568,1.1704003810882568,Mixed
166,89.52311000276164,0.20764220475821177,0.14639516372087238,0.2123669907689916,4993.49928333569,0.3818,-0.7301321625709534,1.1119321625709533,Mixed
167,89.64836402931998,0.20764220475821177,0.14639516372087238,0.2123669907689916,5296.5479044395815,0.0,0.0378240384161472,0.0378240384161472,Mixed
168,89.45280393906611,0.20764220475821177,0.14595662540254994,0.21268577231206082,4647.556722128953,0.5106,-0.8861358761787415,1.3967358761787416,Mixed
169,91.5653988041973,0.20764220475821177,0.14551940076052478,0.21268577231206082,7340.799413675415,0.0,-0.4182787537574768,0.4182787537574768,Mixed
170,91.91373454266228,0.20764220475821177,0.14551940076052478,0.21268577231206082,8097.989273567748,0.0,0.0566007867455482,0.0566007867455482,Mixed
171,90.79325246474293,0.20764220475821177,0.14508348585957556,0.21268577231206082,6441.628110114088,-0.0617,-0.4167055189609527,0.3550055189609527,Mixed
172,91.45359034541443,0.20795389398166134,0.1446488767762691,0.21268577231206082,7227.489282704714,-0.4215,0.0076324129477143,0.42913241294771426,Mixed
173,91.89695777638309,0.20795389398166134,0.1446488767762691,0.2130050323742815,8048.767946227042,0.3182,0.5054714679718018,0.18727146797180177,Mixed
174,92.95115774351699,0.20795389398166134,0.14421556959892512,0.2130050323742815,9958.375475523559,0.25,-0.8291279673576355,1.0791279673576355,Mixed
175,94.00473602585608,0.20795389398166134,0.1437835604275811,0.21332477167395283,11207.026864792928,0.4404,-0.0850142166018486,0.5254142166018486,Mixed
176,93.86165439467452,0.20795389398166134,0.14335284537395715,0.21364499093045256,11183.256469501232,0.4404,-0.8861563205718994,1.3265563205718993,Mixed
177,96.11398204098779,0.20795389398166134,0.14292342056142104,0.21364499093045256,13159.69395797474,0.0,-0.7983267307281494,0.7983267307281494,Mixed
178,96.503631462562,0.20795389398166134,0.1424952821249533,0.21364499093045256,13748.33221179624,-0.1531,-0.7171397805213928,0.5640397805213928,Mixed
179,97.77671237384862,0.20795389398166134,0.1424952821249533,0.21364499093045256,14945.314457877605,0.0,-0.0369789898395538,0.0369789898395538,Mixed
180,99.10261753063996,0.20795389398166134,0.14206842621111238,0.21364499093045256,16220.1748696119,0.0,-0.9174066185951232,0.9174066185951232,Mixed
181,98.20986634172183,0.20795389398166134,0.14206842621111238,0.21364499093045256,15738.003991488637,0.0,0.0016384031623601,0.0016384031623601,Mixed
182,100.38769421081446,0.20795389398166134,0.14206842621111238,0.21364499093045256,16553.385810379492,-0.2411,0.0129513004794716,0.2540513004794716,Mixed
183,101.56656201386328,0.20795389398166134,0.14206842621111238,0.21364499093045256,16599.96594274022,0.0,-0.0827229022979736,0.0827229022979736,Mixed
184,103.30336400986681,0.20795389398166134,0.14206842621111238,0.21396569086423797,17152.50924254421,0.2263,0.0066951811313629,0.2196048188686371,Mixed
185,104.32983918683226,0.20795389398166134,0.1416428489780002,0.2142868721968481,17189.28528644262,0.3612,0.0155240595340728,0.3456759404659272,Mixed
186,103.44032946757606,0.20795389398166134,0.14121854659522726,0.2142868721968481,17218.91021188709,-0.1027,-0.8883571028709412,0.7856571028709411,Mixed
187,102.76115321514473,0.20795389398166134,0.14079551524387807,0.21460853565090476,17310.061494284382,0.5719,-0.0484651774168014,0.6203651774168013,Mixed
188,102.3243255265529,0.20795389398166134,0.14079551524387807,0.21460853565090476,16861.318635909916,0.0,0.025314413011074,0.025314413011074,Mixed
189,102.45128231286263,0.20795389398166134,0.14037375111647743,0.21460853565090476,17009.908897220994,0.0,-0.5998222231864929,0.5998222231864929,Mixed
190,101.67847195542853,0.20795389398166134,0.13995325041695555,0.21493068195011486,16861.88864622558,0.743,-0.8875452280044556,1.6305452280044554,Mixed
191,101.37422090930632,0.20795389398166134,0.13953400936061414,0.21525331181927143,16790.255412526403,0.34,-0.9051164388656616,1.2451164388656617,Mixed
192,101.27309402791565,0.20795389398166134,0.13911602417409208,0.21525331181927143,16789.64588299196,0.0,-0.8039250373840332,0.8039250373840332,Mixed
193,100.1206550311727,0.20795389398166134,0.13869929109533183,0.21525331181927143,16684.06094325737,0.2057,-0.6372394561767578,0.8429394561767578,Mixed
194,101.25352459080601,0.20795389398166134,0.1382838063735452,0.21557642598425558,16954.243423099113,0.3182,0.0,0.3182,Mixed
195,101.59240002935806,0.20795389398166134,0.1382838063735452,0.21557642598425558,16958.454615701692,0.0,0.0,0.0,Mixed
196,100.77951284629644,0.20795389398166134,0.13786956626917993,0.21557642598425558,16829.10023908736,0.0516,-0.3135975301265716,0.3651975301265716,Mixed
197,99.56621962360738,0.20795389398166134,0.13786956626917993,0.21557642598425558,16961.208180292913,0.0,0.012424542568624,0.012424542568624,Mixed
198,99.32761449751942,0.20795389398166134,0.13786956626917993,0.21590002517203782,17146.644686715983,0.2023,0.0083650108426809,0.1939349891573191,Mixed
199,99.56390217006344,0.20795389398166134,0.13745656705388612,0.2162241101106801,16954.58438831852,0.4404,-0.7605653405189514,1.2009653405189513,Mixed
200,99.84181438370918,0.20795389398166134,0.13704480501048197,0.2162241101106801,16876.680513326948,0.0,-0.9311782121658324,0.9311782121658324,Mixed
201,99.11695931304766,0.20795389398166134,0.13663427643292103,0.21654868152933732,17004.277662453795,0.34,-0.0833779871463775,0.42337798714637753,Mixed
202,96.21818985582044,0.20795389398166134,0.1362249776262586,0.21654868152933732,15386.785813737319,-0.1695,-0.7665160894393921,0.5970160894393921,Mixed
203,98.58680864569128,0.20795389398166134,0.1358169049066185,0.21687374015825878,17392.140189079906,0.5106,0.0,0.5106,Mixed
204,101.0489029010701,0.20795389398166134,0.13541005460115993,0.21719928672878983,17659.932532393443,0.4019,-0.8874440789222717,1.2893440789222717,Mixed
205,101.14448688786084,0.20795389398166134,0.13500442304804405,0.21719928672878983,17649.029208538737,0.0,-0.9108296632766724,0.9108296632766724,Mixed
206,100.28634110059632,0.20795389398166134,0.13460000659640176,0.21719928672878983,17747.13979523404,0.0,0.4499441683292389,0.4499441683292389,Mixed
207,100.15832604321629,0.20795389398166134,0.1341968016063002,0.21719928672878983,17579.070700645618,-0.1531,0.5445453524589539,0.6976453524589539,Mixed
208,102.15038099462886,0.20795389398166134,0.13379480444871047,0.21719928672878983,17906.186279305803,0.0,0.321575790643692,0.321575790643692,Mixed
209,101.9334866771785,0.20795389398166134,0.13379480444871047,0.21752532197337388,17984.409336145814,0.25,0.0,0.25,Mixed
210,100.41395072340575,0.20795389398166134,0.1333940115054744,0.21752532197337388,18002.756439771332,0.0,-0.3448251783847809,0.3448251783847809,Mixed
211,100.44764258435795,0.20795389398166134,0.13299441916927227,0.21752532197337388,17987.628943336982,-0.128,-0.9353978037834167,0.8073978037834167,Mixed
212,101.85373114961193,0.20795389398166134,0.13259602384359073,0.21752532197337388,18310.503913253244,0.0,0.6000077724456787,0.6000077724456787,Mixed
213,101.36615511607219,0.20795389398166134,0.13219882194268995,0.21752532197337388,18223.344503668573,0.0,-0.9275534749031068,0.9275534749031068,Mixed
214,99.87737383800102,0.20795389398166134,0.13180280989157112,0.21752532197337388,18071.91606712894,0.0,-0.7283705472946167,0.7283705472946167,Mixed
215,99.7584897458071,0.20795389398166134,0.1314079841259451,0.21752532197337388,18058.427541516343,0.0,0.4821631908416748,0.4821631908416748,Mixed
216,99.67189881646767,0.20795389398166134,0.1314079841259451,0.21785184662555368,18129.188640454977,0.2263,-0.0288667008280754,0.2551667008280754,Mixed
217,97.32730066085895,0.20795389398166134,0.1314079841259451,0.21785184662555368,17272.70587101902,0.0,0.0342179909348487,0.0342179909348487,Mixed
218,98.28057932423252,0.20795389398166134,0.13101434109219975,0.21785184662555368,18090.4057669325,0.0,-0.4228474199771881,0.4228474199771881,Mixed
219,98.98207481678094,0.20826605107806642,0.13062187724736782,0.21785184662555368,18540.482024801815,-0.1531,0.26607346534729,0.41917346534729,Mixed
220,98.07557263663747,0.20826605107806642,0.13023058905909538,0.21785184662555368,17994.560219314895,0.0,0.8111298084259033,0.8111298084259033,Mixed
221,99.10307750718844,0.20826605107806642,0.12984047300561008,0.21785184662555368,18596.17441265201,0.0,-0.9101523160934448,0.9101523160934448,Mixed
222,97.80769696565534,0.20826605107806642,0.12945152557568923,0.21817886141997303,17609.00503404068,0.6249,-0.7244755029678345,1.3493755029678345,Mixed
223,99.60885063744017,0.20826605107806642,0.12906374326862832,0.21817886141997303,18761.875492350784,0.0,0.5777733325958252,0.5777733325958252,Mixed
224,99.51945356155825,0.20826605107806642,0.12906374326862832,0.21817886141997303,18762.07712230267,0.0,0.0448497310280799,0.0448497310280799,Mixed
225,99.46930199081093,0.20826605107806642,0.1286771225942093,0.2185063670923786,18815.450411061684,0.2716,-0.9238221645355223,1.1954221645355223,Mixed
226,96.53523153663086,0.20826605107806642,0.12829166007266976,0.2185063670923786,18028.661490822815,0.0,-0.6370048522949219,0.6370048522949219,Mixed
227,96.35117537249954,0.20826605107806642,0.12829166007266976,0.21883436437962142,18180.36500296146,0.5267,0.7701044082641602,0.2434044082641602,Mixed
228,96.31518799799889,0.20826605107806642,0.12790735223467073,0.21883436437962142,17987.008454129045,0.0,0.330027163028717,0.330027163028717,Mixed
229,97.28962767493601,0.20826605107806642,0.12790735223467073,0.21916285401965876,17990.86751238187,0.5106,0.4011715948581695,0.10942840514183055,Mixed
230,97.98025906545597,0.20826605107806642,0.1275241956212662,0.21916285401965876,18539.97287371349,0.0,-0.8234425783157349,0.8234425783157349,Mixed
231,97.95488433549794,0.20826605107806642,0.1275241956212662,0.21916285401965876,18539.924727042817,0.0,-0.2145862877368927,0.2145862877368927,Mixed
232,96.06652827047564,0.20826605107806642,0.1271421867838718,0.21916285401965876,17939.006913223115,0.0,0.5657346248626709,0.5657346248626709,Mixed
233,96.35287819977462,0.20826605107806642,0.12676132228423342,0.2194918367515553,18295.76866399446,0.4404,0.7645168304443359,0.3241168304443359,Mixed
234,96.03783947364853,0.20826605107806642,0.12638159869439644,0.2194918367515553,17880.00501790635,0.0,0.893552839756012,0.893552839756012,Mixed
235,96.70894334961626,0.20826605107806642,0.12600301259667512,0.2198213133154855,17668.06309589863,0.4404,-0.0920048654079437,0.5324048654079437,Mixed
236,97.80917676221794,0.20826605107806642,0.12562556058362184,0.2201512844527346,18229.44800427229,0.4404,0.7929883003234863,0.3525883003234863,Mixed
237,97.34416077167897,0.20826605107806642,0.12524923925799597,0.2201512844527346,17813.132269443613,0.0,-0.8549371361732483,0.8549371361732483,Mixed
238,96.64733951456658,0.20826605107806642,0.1248740452327335,0.2201512844527346,17640.912567948453,0.0,0.8600346446037292,0.8600346446037292,Mixed
239,97.77890058174029,0.20826605107806642,0.1248740452327335,0.2201512844527346,18272.447241742288,0.0,0.0916647315025329,0.0916647315025329,Mixed
240,97.25185369922836,0.20826605107806642,0.12449997513091716,0.22048175090570077,18070.32025461218,0.8271,-0.1339101344347,0.9610101344347,Mixed
241,97.37262243532128,0.20826605107806642,0.12449997513091716,0.2208127134178964,18012.681530440703,0.6369,0.7077078223228455,0.07080782232284544,Mixed
242,99.13176449923084,0.20826605107806642,0.12412702558574504,0.2208127134178964,19499.784282464523,0.0,0.5334928035736084,0.5334928035736084,Mixed
243,100.25386918405164,0.20826605107806642,0.12412702558574504,0.2208127134178964,19531.31763912266,0.0,-0.1760283708572387,0.1760283708572387,Mixed
244,100.62005248498215,0.20826605107806642,0.12375519324050084,0.2208127134178964,19417.66732154121,0.0,-0.9278998970985411,0.9278998970985411,Mixed
245,100.18533916215507,0.20826605107806642,0.12375519324050084,0.2208127134178964,19342.026735317926,0.0,-0.0654447078704834,0.0654447078704834,Mixed
246,100.1883763245308,0.20826605107806642,0.12338447474852364,0.22114417273395007,19298.34741161739,0.457,0.0,0.457,Mixed
247,100.49142571161732,0.20826605107806642,0.12301486677317758,0.22147612959960808,19436.68344527569,0.25,-0.2961072623729706,0.5461072623729706,Mixed
248,102.38880301667105,0.20826605107806642,0.12264636598782212,0.22147612959960808,22019.1344670013,0.0,0.7647792100906372,0.7647792100906372,Mixed
249,103.22249991477386,0.20826605107806642,0.12227896907578194,0.22147612959960808,23561.948209129285,-0.128,-0.8929523825645447,0.7649523825645447,Mixed
250,104.0234012108103,0.20826605107806642,0.12191267273031699,0.22180858476173626,24005.730541401368,0.2716,-0.920210063457489,1.191810063457489,Mixed
251,102.28616897473526,0.20826605107806642,0.1215474736545928,0.22214153896832134,22059.579009447367,0.4019,0.0,0.4019,Mixed
0,99.68603982684236,0.2,0.19940088414510937,0.2,4.021674367242156,0.772580087184906,-0.4660371541976928,1.2386172413825989,FinBERT
1,97.20096855023975,0.2,0.19880356298925653,0.2,0.9558478675398305,0.3941977024078369,-0.3253911435604095,0.7195888459682465,FinBERT
2,95.85262326810405,0.2,0.1982080311562784,0.2,0.9693060297421994,0.7494656443595886,-0.0079860128462314,0.75745165720582,FinBERT
3,93.9301933886875,0.2,0.19761428328611635,0.2,13.396523199765397,0.7805677652359009,-0.2081257998943328,0.9886935651302337,FinBERT
4,94.82601590834551,0.2,0.19761428328611635,0.2,16.66083218684406,0.8104004263877869,0.5676647424697876,0.24273568391799927,FinBERT
5,95.72152844771585,0.2,0.1970223140347685,0.2,11.607040783638098,0.8154259920120239,0.0,0.8154259920120239,FinBERT
6,94.2139647740704,0.2,0.19643211807424105,0.2,17.745145613750964,-0.4089075624942779,0.0,0.4089075624942779,FinBERT
7,96.42773441698444,0.2,0.19643211807424105,0.2,29.0101227868671,0.6566476821899414,0.893648624420166,0.2370009422302246,FinBERT
8,96.18880548111031,0.2,0.19584369009250083,0.2,25.12092830173765,0.4307925701141357,0.0,0.4307925701141357,FinBERT
9,96.0322924488238,0.2,0.19525702479342713,0.2,19.654594661017825,0.6289153099060059,0.1147987246513366,0.5141165852546693,FinBERT
10,97.92167040832685,0.2,0.19467211689676453,0.2003002176015349,38.3498124368422,0.8626050353050232,-0.5646994113922119,1.427304446697235,FinBERT
11,98.5905724367777,0.2003002176015349,0.19408896113807445,0.2003002176015349,32.157316680968876,-0.8689537644386292,-0.532961905002594,0.33599185943603516,FinBERT
12,97.72252654632668,0.2003002176015349,0.193507552268689,0.2006008858561111,23.152352029723346,0.9194263815879822,-0.7686641812324524,1.6880905628204346,FinBERT
13,95.73156596112766,0.2003002176015349,0.19292788505566255,0.2006008858561111,39.99614362527066,0.8111293315887451,0.0,0.8111293315887451,FinBERT
14,93.94377253470671,0.2003002176015349,0.1923499542817256,0.2006008858561111,67.03677620303043,0.8096943497657776,-0.4965921938419342,1.3062865436077118,FinBERT
15,92.34991316241839,0.2003002176015349,0.19177375474523706,0.20090200544019857,165.16843103005937,0.907613217830658,-0.9266737699508668,1.8342869877815247,FinBERT
16,93.56570609201235,0.2003002176015349,0.19119928126013797,0.20090200544019857,91.2548465180329,0.2772477567195892,-0.9158535599708556,1.1931013166904447,FinBERT
17,93.61046688908955,0.2003002176015349,0.19062652865590468,0.20120357703128255,80.09003843699912,0.8905031681060791,-0.7532626390457153,1.6437658071517944,FinBERT
18,94.58510040923993,0.2003002176015349,0.19005549177750208,0.20120357703128255,49.075518993224534,0.479984700679779,-0.6999520063400269,1.179936707019806,FinBERT
19,92.90002231722887,0.2003002176015349,0.18948616548533717,0.20120357703128255,142.79138064518548,0.4015079736709595,-0.922640323638916,1.3241482973098755,FinBERT
20,92.18476689363699,0.2003002176015349,0.18891854465521357,0.2015056013078654,164.9716384504835,0.8870371580123901,0.5215030312538147,0.36553412675857544,FinBERT
21,91.43361531336328,0.2003002176015349,0.18835262417828438,0.2015056013078654,188.6300963073109,0.0529905818402767,-0.8514328598976135,0.9044234417378902,FinBERT
22,90.97094566331384,0.2003002176015349,0.1877883989610069,0.20180807894946787,301.68881387810984,0.8824752569198608,-0.3367421329021454,1.2192173898220062,FinBERT
23,91.24401015646018,0.2003002176015349,0.18722586392509646,0.20211101063663084,233.03561565466978,0.8799892067909241,-0.7740878462791443,1.6540770530700684,FinBERT
24,92.67659194073859,0.2003002176015349,0.18722586392509646,0.20241439705091635,117.2428277699027,0.8286654353141785,0.644846498966217,0.18381893634796143,FinBERT
25,93.41965682633649,0.2003002176015349,0.1866650140074807,0.20241439705091635,19.165893896601773,0.7390981316566467,0.0369130000472068,0.70218513160944,FinBERT
26,94.81613315204015,0.2003002176015349,0.18610584416025427,0.2027182388749102,-14.28852443081729,0.87726891040802,0.2346800863742828,0.6425888240337372,FinBERT
27,97.81264551509508,0.2003002176015349,0.1855483493506331,0.2027182388749102,298.6418420903178,0.3826168179512024,-0.8453971147537231,1.2280139327049255,FinBERT
28,96.70383398504781,0.2003002176015349,0.18499252456090926,0.2027182388749102,155.23555924978794,0.830514132976532,-0.5707823038101196,1.4012964367866516,FinBERT
29,95.68298319114913,0.2003002176015349,0.1844383647884057,0.2027182388749102,23.01589736677238,-0.5992822051048279,-0.929438292980194,0.3301560878753661,FinBERT
30,95.44787034190135,0.2003002176015349,0.18388586504543147,0.2027182388749102,-26.283573321480617,0.7141500115394592,-0.0805688202381134,0.7947188317775726,FinBERT
31,95.993471015844,0.2003002176015349,0.1833350203592363,0.2027182388749102,8.307154058923516,0.8020179867744446,0.0477088838815689,0.7543091028928757,FinBERT
32,96.65326910891777,0.2003002176015349,0.18278582577196667,0.2027182388749102,82.35951556184443,0.1176193058490753,-0.5584771633148193,0.6760964691638947,FinBERT
33,95.09630421761184,0.2003002176015349,0.1822382763406202,0.2027182388749102,-92.7240449080735,0.5265138149261475,0.0238035265356302,0.5027102883905172,FinBERT
34,95.45594213508471,0.2003002176015349,0.18169236713700215,0.2030225367922222,-101.43366533043559,0.7999833822250366,-0.9084157943725586,1.7083991765975952,FinBERT
35,95.06342034676007,0.2003002176015349,0.18114809324768,0.20332729148748865,-157.5715643736174,0.8338911533355713,-0.6192478537559509,1.4531390070915222,FinBERT
36,94.96785103818894,0.2003002176015349,0.1806054497739404,0.20363250364637345,-195.5302514345732,0.906093418598175,-0.8535124659538269,1.759605884552002,FinBERT
37,95.80523544115944,0.2003002176015349,0.18006443183174425,0.20363250364637345,-124.1045955703332,0.6343408823013306,0.0,0.6343408823013306,FinBERT
38,93.77300551741875,0.2003002176015349,0.17952503455168284,0.20363250364637345,-76.18511360012255,0.242119699716568,-0.4605433344841003,0.7026630342006683,FinBERT
39,96.98267729225718,0.2003002176015349,0.17952503455168284,0.2039381739555698,272.4138089988137,0.8715681433677673,0.8059352040290833,0.06563293933868408,FinBERT
40,95.02098404267765,0.2003002176015349,0.17898725307893426,0.20424430310280153,68.9530278700361,0.8857610821723938,-0.0098054390400648,0.8955665212124586,FinBERT
41,94.93615383835426,0.2006008858561111,0.17898725307893426,0.20424430310280153,126.8476479306899,-0.9111390113830566,-0.8516430258750916,0.05949598550796509,FinBERT
42,95.56477505108913,0.2006008858561111,0.17845108257321957,0.20424430310280153,69.56011590942603,0.8177070617675781,-0.0566482841968536,0.8743553459644318,FinBERT
43,95.81349576966971,0.2006008858561111,0.17791651820875928,0.20424430310280153,107.31413121999813,0.3766750693321228,-0.2150547206401825,0.5917297899723053,FinBERT
44,96.17737769707732,0.2006008858561111,0.17791651820875928,0.20424430310280153,157.23648477956897,0.0248615220189094,0.0553695559501647,0.0305080339312553,FinBERT
45,96.45971065418152,0.2006008858561111,0.17738355517423013,0.204550891776825,164.84582990596923,0.8206788301467896,0.0119719952344894,0.8087068349123001,FinBERT
46,98.58894813130628,0.2006008858561111,0.17685218867272132,0.20485794066743038,643.6168620524046,0.8906677961349487,0.1422074735164642,0.7484603226184845,FinBERT
47,99.22631583732107,0.2006008858561111,0.17632241392169148,0.20516545046544316,819.7927281143649,0.8182288408279419,-0.7186067700386047,1.5368356108665466,FinBERT
48,102.60079084973447,0.2006008858561111,0.17579422615292598,0.20516545046544316,2467.7076531729126,0.1275072693824768,0.8095428347587585,0.6820355653762817,FinBERT
49,102.43903220236048,0.2006008858561111,0.17579422615292598,0.20547342186272602,2432.5410580027165,0.8280991911888123,0.605836033821106,0.2222631573677063,FinBERT
50,102.47813754928065,0.20090200544019857,0.17526762061249365,0.20547342186272602,2457.218164992351,-0.8155609965324402,0.0,0.8155609965324402,FinBERT
51,101.73343890646116,0.20090200544019857,0.17474259256070407,0.20547342186272602,2255.4764051342277,-0.4222963750362396,0.0,0.4222963750362396,FinBERT
52,101.39126050348752,0.20090200544019857,0.17421913727206498,0.20547342186272602,2156.8389924531293,-0.2260991930961609,-0.5486747622489929,0.32257556915283203,FinBERT
53,100.31777881612526,0.20120357703128255,0.17369725003523942,0.20547342186272602,1436.809022539259,-0.9218758344650269,0.0,0.9218758344650269,FinBERT
54,99.88908719527394,0.20120357703128255,0.17369725003523942,0.20547342186272602,1166.7636037000905,-0.6511720418930054,-0.9021173715591432,0.2509453296661378,FinBERT
55,99.04111856413128,0.20120357703128255,0.17369725003523942,0.20547342186272602,855.6842946570484,0.7067300081253052,0.6679150462150574,0.0388149619102478,FinBERT
56,99.43900186801886,0.20120357703128255,0.17317692615300428,0.20547342186272602,923.4909583391639,0.1197310760617256,0.5559024810791016,0.43617140501737595,FinBERT
57,99.07260249806208,0.20120357703128255,0.17265816094220676,0.20578185555218004,790.3334558444863,0.8361373543739319,0.0240681245923042,0.8120692297816277,FinBERT
58,100.61924759598271,0.20120357703128255,0.17214094973372304,0.20578185555218004,1564.7612653400656,0.3965597152709961,0.0,0.3965597152709961,FinBERT
59,99.98633871858283,0.20120357703128255,0.17162528787241596,0.20578185555218004,1128.2720499316922,0.5822784304618835,-0.8692125678062439,1.4514909982681274,FinBERT
60,100.3028879634322,0.20120357703128255,0.1711111707170933,0.20609075222774642,1396.8820434169274,0.8728111386299133,0.4178410172462463,0.45497012138366705,FinBERT
61,99.7262744057965,0.20120357703128255,0.17059859364046573,0.20609075222774642,1007.7613630348445,0.1593175381422042,-0.9040281772613524,1.0633457154035566,FinBERT
62,96.08632286493432,0.20120357703128255,0.1700875520291055,0.20609075222774642,553.8334412948607,0.0338919684290885,-0.5993826389312744,0.6332746073603629,FinBERT
63,95.22043866709564,0.20120357703128255,0.16957804128340456,0.20640011258440805,644.3231742164853,0.7777170538902283,0.0875025764107704,0.6902144774794579,FinBERT
64,95.29667944804599,0.20120357703128255,0.1690700568175335,0.20670993731819126,509.2414431012278,0.8836733102798462,-0.2020927369594574,1.0857660472393036,FinBERT
65,93.01927117692078,0.20120357703128255,0.16856359405940013,0.2070202271261667,1636.2559758528946,0.8745687007904053,0.4371826648712158,0.43738603591918945,FinBERT
66,93.28314517174066,0.20120357703128255,0.16856359405940013,0.2070202271261667,1380.2276227182992,-0.0258693899959325,-0.0229964293539524,0.0028729606419800983,FinBERT
67,93.76290879949886,0.20120357703128255,0.16805864845060833,0.20733098270645173,1316.9245189203875,0.913850486278534,-0.1578709036111831,1.071721389889717,FinBERT
68,93.64640146536341,0.20120357703128255,0.16755521544641694,0.20733098270645173,1274.664301294131,-0.0985283553600311,-0.8346226215362549,0.7360942661762238,FinBERT
69,95.00049004173496,0.20120357703128255,0.16705329051569903,0.20764220475821177,656.8661126755558,0.7947478890419006,0.1594436317682266,0.635304257273674,FinBERT
70,95.41034141029715,0.20120357703128255,0.16655286914090095,0.20764220475821177,525.2254026653505,0.6521257162094116,0.0,0.6521257162094116,FinBERT
71,93.95681819865045,0.20120357703128255,0.16605394681800173,0.20795389398166134,1094.9605811430538,0.6890580654144287,-0.7758270502090454,1.4648851156234741,FinBERT
72,96.81061722005153,0.20120357703128255,0.16555651905647242,0.20826605107806642,723.0427892352105,0.9102256894111632,0.1928759813308715,0.7173497080802917,FinBERT
73,94.58131770199255,0.20120357703128255,0.16506058137923615,0.20826605107806642,1247.612281613284,0.2041537761688232,-0.8233130574226379,1.0274668335914612,FinBERT
74,94.904369387058,0.20120357703128255,0.16506058137923615,0.20826605107806642,1155.1096473791486,0.2380114197731018,0.0,0.2380114197731018,FinBERT
75,95.96798401377714,0.2015056013078654,0.16506058137923615,0.20826605107806642,739.1524208596529,-0.6605708599090576,-0.9289270043373108,0.2683561444282532,FinBERT
76,96.53036590424486,0.2015056013078654,0.1645661293226273,0.20826605107806642,843.1987833038643,0.3050445914268493,-0.2971015274524688,0.6021461188793181,FinBERT
77,96.65978144412253,0.2015056013078654,0.16407315843635148,0.20826605107806642,734.5802525590756,0.5057848691940308,0.0,0.5057848691940308,FinBERT
78,98.01418816879077,0.2015056013078654,0.1635816642834455,0.20857867674974542,860.8561403389751,0.8171921968460083,0.0,0.8171921968460083,FinBERT
79,98.41321467608844,0.2015056013078654,0.16309164244023744,0.20889177170007106,1023.4296681103792,0.7840901613235474,0.0144490953534841,0.7696410659700632,FinBERT
80,98.3070055675645,0.2015056013078654,0.16260308849630686,0.20920533663347196,845.3751499534271,0.8714203238487244,-0.6551041603088379,1.5265244841575623,FinBERT
81,96.95134879530467,0.2015056013078654,0.16211599805444518,0.20920533663347196,571.685657258115,0.4434142112731933,-0.8629813194274902,1.3063955307006836,FinBERT
82,98.85175616395935,0.2015056013078654,0.16211599805444518,0.2095193722554339,1767.1551628504776,0.8150191307067871,0.7991282939910889,0.015890836715698242,FinBERT
83,99.37331670388049,0.2015056013078654,0.16211599805444518,0.2095193722554339,1936.868683848859,0.3643096089363098,0.2299142926931381,0.13439531624317172,FinBERT
84,99.00299093093658,0.2015056013078654,0.16163036673061584,0.2095193722554339,1752.344413281392,0.6931794881820679,0.0,0.6931794881820679,FinBERT
85,99.86468221386279,0.2015056013078654,0.16114619015391518,0.2095193722554339,2474.4592221864923,0.610410213470459,-0.6422514319419861,1.252661645412445,FinBERT
86,98.44910679717499,0.2015056013078654,0.16114619015391518,0.2095193722554339,1094.666432605787,0.1457904577255249,-0.0108059830963611,0.156596440821886,FinBERT
87,99.03856008875488,0.2015056013078654,0.1606634639665329,0.2095193722554339,1751.648324226563,0.3488275706768036,0.0093848621472716,0.339442708529532,FinBERT
88,99.87579169129671,0.2015056013078654,0.16018218382371294,0.20983387927250197,2485.2959787969025,0.8968604803085327,0.2865919172763824,0.6102685630321503,FinBERT
89,97.59026435125801,0.2015056013078654,0.15970234539371386,0.20983387927250197,964.724655801493,0.1305788606405258,-0.4845203459262848,0.6150992065668106,FinBERT
90,97.47762156500117,0.2015056013078654,0.15922394435777085,0.21014885839228173,892.2260735064788,0.7245131134986877,-0.6464498043060303,1.370962917804718,FinBERT
91,98.26836597422866,0.20180807894946787,0.15874697641005595,0.21014885839228173,909.1619356984395,-0.9081498384475708,-0.0080495104193687,0.9001003280282021,FinBERT
92,97.57897077562221,0.20180807894946787,0.15874697641005595,0.21014885839228173,863.9019249629812,-0.2392244189977646,0.0136527121067047,0.2528771311044693,FinBERT
93,99.39522274218373,0.20180807894946787,0.15874697641005595,0.21014885839228173,2074.671738942022,0.0169983822852373,0.2279640436172485,0.21096566133201122,FinBERT
94,101.18199607479671,0.20180807894946787,0.15827143725763967,0.21014885839228173,4754.670312320988,0.41058349609375,-0.8547900915145874,1.2653735876083374,FinBERT
95,99.20005961422997,0.20180807894946787,0.1577973226204527,0.21046431032344085,2093.912319330519,0.8363030552864075,0.0,0.8363030552864075,FinBERT
96,100.74292945837013,0.20211101063663084,0.15732462823124663,0.21046431032344085,4262.065957064815,-0.8962122797966003,-0.3114939033985138,0.5847183763980865,FinBERT
97,101.40355517921496,0.20211101063663084,0.15685334983555613,0.21046431032344085,4982.46620324383,-0.4144955277442932,-0.0605544745922088,0.3539410531520844,FinBERT
98,100.59413948594876,0.20211101063663084,0.15638348319166007,0.21078023577571087,3820.5342314183495,0.828495979309082,0.0,0.828495979309082,FinBERT
99,100.8767907130775,0.20211101063663084,0.1559150240705441,0.2110966354598886,4367.939138407964,0.9041538238525392,0.4832965135574341,0.4208573102951051,FinBERT
100,100.19161228113433,0.20211101063663084,0.1559150240705441,0.2110966354598886,3295.065384892981,0.0840471237897872,-0.0854469984769821,0.1694941222667693,FinBERT
101,100.07042608450323,0.20211101063663084,0.15544796825586246,0.211413510087838,3043.3830354942143,0.8789390325546265,0.5208168029785156,0.35812222957611084,FinBERT
102,99.63276195198085,0.20211101063663084,0.15544796825586246,0.21173086037249125,2446.9430983131233,0.6894164085388184,0.4036485254764557,0.28576788306236267,FinBERT
103,99.80353967526264,0.20211101063663084,0.15498231154389924,0.21173086037249125,2558.1346232554206,0.4790225923061371,-0.8370978236198425,1.3161204159259796,FinBERT
104,101.04261439222266,0.20211101063663084,0.15451804974353145,0.21204868702785098,4407.559413982867,0.897675633430481,-0.9230316877365112,1.8207073211669922,FinBERT
105,102.3134648465512,0.20211101063663084,0.15451804974353145,0.2123669907689916,5853.900322281604,0.8596210479736328,0.8983592391014099,0.0387381911277771,FinBERT
106,102.22963977142331,0.20211101063663084,0.15451804974353145,0.2123669907689916,5854.0702132220895,0.0472855456173419,0.0108082927763462,0.0364772528409957,FinBERT
107,104.47902043925613,0.20211101063663084,0.15405517867619078,0.2123669907689916,8568.614350197704,-0.5323325991630554,0.0,0.5323325991630554,FinBERT
108,106.86089110721869,0.20211101063663084,0.15405517867619078,0.2123669907689916,10923.230778644547,0.1275072693824768,0.0,0.1275072693824768,FinBERT
109,105.25966994431082,0.20211101063663084,0.15405517867619078,0.2123669907689916,9620.738050316013,0.0145655572414398,-0.0863882899284362,0.100953847169876,FinBERT
110,106.37732292176783,0.20211101063663084,0.15405517867619078,0.21268577231206082,10732.656879985687,0.8665139675140381,0.6470737457275391,0.21944022178649902,FinBERT
111,106.15224332482009,0.20211101063663084,0.1535936941758262,0.21268577231206082,10532.43772946501,0.614520251750946,-0.035014446824789,0.6495346985757351,FinBERT
112,105.74764865390782,0.20211101063663084,0.15313359208886632,0.2130050323742815,10142.856510711617,0.865979790687561,-0.0581702440977096,0.9241500347852707,FinBERT
113,102.8740558627529,0.20211101063663084,0.15267486827418236,0.21332477167395283,6983.098933626993,0.8588906526565552,0.005197312682867,0.8536933399736881,FinBERT
114,103.52848357597729,0.20211101063663084,0.15267486827418236,0.21332477167395283,7769.609288825262,-0.0027875006198883,0.2714936733245849,0.2742811739444732,FinBERT
115,106.26538652459651,0.20211101063663084,0.15221751860305033,0.21364499093045256,11116.703094979988,0.8027482032775879,0.0,0.8027482032775879,FinBERT
116,108.77625921578297,0.20211101063663084,0.15176153895911423,0.21396569086423797,12034.039770607289,0.8650043606758118,0.20225390791893,0.6627504527568817,FinBERT
117,110.57954033989505,0.20211101063663084,0.15176153895911423,0.21396569086423797,11730.787226713412,0.0178940929472446,0.1216512620449066,0.103757169097662,FinBERT
118,112.21522058624444,0.20211101063663084,0.15130692523834915,0.2142868721968481,12289.87838731497,0.8750193119049072,-0.5169603824615479,1.391979694366455,FinBERT
119,113.14723293101045,0.20211101063663084,0.15085367334902391,0.21460853565090476,12201.478226891346,0.7806618809700012,0.0,0.7806618809700012,FinBERT
120,113.63450017295231,0.20211101063663084,0.1504017792116643,0.21493068195011486,12031.649879805562,0.7102183103561401,0.0,0.7102183103561401,FinBERT
121,114.09343209682902,0.20211101063663084,0.1504017792116643,0.21493068195011486,11998.829070639289,0.0624713115394115,0.0,0.0624713115394115,FinBERT
122,113.31213408271546,0.20211101063663084,0.1499512387590169,0.21493068195011486,12184.588581775402,0.6486436128616333,-0.2223757207393646,0.8710193336009979,FinBERT
123,110.95652901079548,0.20241439705091635,0.1495020479360118,0.21493068195011486,12122.949135242037,-0.8262009620666504,-0.1976740658283233,0.628526896238327,FinBERT
124,112.02489099432113,0.20241439705091635,0.14905420269972625,0.21525331181927143,12656.575913140481,0.8363611102104187,-0.4630276560783386,1.2993887662887573,FinBERT
125,110.78738511341787,0.20241439705091635,0.14860769901934884,0.21525331181927143,12209.197406232593,-0.0558494441211223,-0.8952687978744507,0.8394193537533284,FinBERT
126,110.2826074524527,0.20241439705091635,0.14860769901934884,0.21525331181927143,12251.413581269795,-0.0888504534959793,-0.1159954965114593,0.02714504301548,FinBERT
127,109.05883422149302,0.20241439705091635,0.1481625328761422,0.21525331181927143,12551.953440232728,-0.4636893272399902,0.8440662622451782,1.3077555894851685,FinBERT
128,109.72776966424522,0.20241439705091635,0.1477187002634078,0.21557642598425558,12570.41634407684,0.8900392055511475,-0.0880384668707847,0.9780776724219322,FinBERT
129,110.4063927197782,0.2027182388749102,0.14727619718644944,0.21557642598425558,12311.925984064492,-0.8975256085395813,0.301022469997406,1.1985480785369873,FinBERT
130,111.89652113504235,0.2027182388749102,0.14683501966253745,0.21557642598425558,12918.772606108365,0.4295545518398285,-0.843560516834259,1.2731150686740875,FinBERT
131,111.37162964329441,0.2027182388749102,0.14683501966253745,0.21557642598425558,12634.100457159244,0.0054194154217839,0.0006103999912738,0.0048090154305101,FinBERT
132,113.43180152756437,0.2027182388749102,0.14683501966253745,0.21590002517203782,12699.149726429217,0.8086922764778137,0.6878880858421326,0.12080419063568115,FinBERT
133,115.68211919987573,0.2030225367922222,0.14639516372087238,0.21590002517203782,12836.780465702077,-0.9085339903831482,0.0512967109680175,0.9598307013511657,FinBERT
134,115.25673587036222,0.2030225367922222,0.14595662540254994,0.21590002517203782,12767.644519362702,0.5056329965591431,0.0095868548378348,0.4960461417213083,FinBERT
135,114.46233023429514,0.20332729148748865,0.14551940076052478,0.21590002517203782,12712.90439038876,-0.9073549509048462,0.0150192342698574,0.9223741851747036,FinBERT
136,115.25560488651202,0.20332729148748865,0.14508348585957556,0.2162241101106801,12832.457455003538,0.8089863061904907,0.0081528406590223,0.8008334655314684,FinBERT
137,114.18489202702915,0.20332729148748865,0.1446488767762691,0.2162241101106801,12764.208336057993,-0.2465689778327942,-0.5828007459640503,0.3362317681312561,FinBERT
138,115.19548104883266,0.20332729148748865,0.14421556959892512,0.2162241101106801,12885.790964975125,0.1786771118640899,-0.1757055670022964,0.3543826788663863,FinBERT
139,116.73967162400064,0.20332729148748865,0.1437835604275811,0.21654868152933732,13034.830066397064,0.8878939151763916,-0.0362641662359237,0.9241580814123153,FinBERT
140,115.51243053911728,0.20332729148748865,0.14335284537395715,0.21687374015825878,13042.954643850711,0.7981551885604858,0.0083468928933143,0.7898082956671716,FinBERT
141,114.1372965249675,0.20332729148748865,0.14292342056142104,0.21687374015825878,12919.257216904405,0.2408165335655212,-0.2901270389556885,0.5309435725212097,FinBERT
142,114.3218013148374,0.20332729148748865,0.1424952821249533,0.21719928672878983,12905.692178836334,0.8677902817726135,0.0023586023598909,0.8654316794127226,FinBERT
143,117.20741776979442,0.20332729148748865,0.14206842621111238,0.21752532197337388,13281.67337093038,0.8307548761367798,-0.0557316504418849,0.8864865265786647,FinBERT
144,116.10375645825528,0.20332729148748865,0.1416428489780002,0.21752532197337388,13156.613310232073,0.474235862493515,0.0,0.474235862493515,FinBERT
145,115.44685696681687,0.20332729148748865,0.14121854659522726,0.21752532197337388,13153.91514498375,0.0072253458201885,-0.8768138885498047,0.8840392343699932,FinBERT
146,115.12260816932074,0.20332729148748865,0.14079551524387807,0.21752532197337388,13217.800616896104,0.7114096283912659,0.0,0.7114096283912659,FinBERT
147,114.25246913653035,0.20332729148748865,0.14037375111647743,0.21752532197337388,13119.860620130106,0.3601643443107605,0.0125063126906752,0.3476580316200853,FinBERT
148,114.95513424463874,0.20332729148748865,0.13995325041695555,0.21785184662555368,13225.162007319359,0.855601966381073,0.0,0.855601966381073,FinBERT
149,111.6887576687975,0.20363250364637345,0.13995325041695555,0.21785184662555368,13819.71624775422,-0.9101438522338868,-0.9299653768539428,0.01982152462005593,FinBERT
150,110.49794126128772,0.20363250364637345,0.13953400936061414,0.21817886141997303,14157.205102473741,0.8613953590393066,0.0585574805736541,0.8028378784656526,FinBERT
151,110.16369908769272,0.20363250364637345,0.13911602417409208,0.21817886141997303,14505.901781675779,0.7473417520523071,-0.02195505797863,0.7692968100309371,FinBERT
152,110.49855117857189,0.20363250364637345,0.13869929109533183,0.21817886141997303,14137.177487691224,0.1489421427249908,-0.6900866627693176,0.8390288054943085,FinBERT
153,113.46363697089843,0.20363250364637345,0.1382838063735452,0.21817886141997303,14054.321889561772,0.410057008266449,0.0,0.410057008266449,FinBERT
154,115.11300221466854,0.20363250364637345,0.13786956626917993,0.2185063670923786,14038.789744331589,0.7802106142044067,0.0,0.7802106142044067,FinBERT
155,115.05152691813917,0.20363250364637345,0.13745656705388612,0.2185063670923786,14017.03473889838,0.5474003553390503,-0.8828652501106262,1.4302656054496765,FinBERT
156,114.27094855469376,0.2039381739555698,0.13704480501048197,0.2185063670923786,13939.973130813094,-0.8869065046310425,-0.1008012443780899,0.7861052602529526,FinBERT
157,113.177951244265,0.2039381739555698,0.13663427643292103,0.21883436437962142,14245.244933304977,0.90601909160614,0.0,0.90601909160614,FinBERT
158,112.08158584631913,0.20424430310280153,0.1362249776262586,0.21883436437962142,14635.972296150308,-0.8867631554603577,-0.2156919538974762,0.6710712015628815,FinBERT
159,111.70019966456613,0.20424430310280153,0.1358169049066185,0.21883436437962142,14294.66598767213,0.1551127582788467,-0.6970297694206238,0.8521425276994705,FinBERT
160,111.75351825834642,0.20424430310280153,0.13541005460115993,0.21916285401965876,14263.659011487927,0.7523471117019653,0.0015564430505037,0.7507906686514616,FinBERT
161,109.98419262029897,0.20424430310280153,0.13500442304804405,0.2194918367515553,15470.844573731385,0.7756446003913879,0.0046645943075418,0.7709800060838461,FinBERT
162,112.06077380407481,0.20424430310280153,0.13460000659640176,0.2198213133154855,14843.020352589136,0.892038106918335,0.0119266752153635,0.8801114317029715,FinBERT
163,112.9165274481603,0.204550891776825,0.1341968016063002,0.2198213133154855,14635.760253083416,-0.9221370220184326,0.0,0.9221370220184326,FinBERT
164,110.49590712581882,0.204550891776825,0.13379480444871047,0.2198213133154855,15105.059144912604,-0.0631825625896453,-0.7496165633201599,0.6864340007305146,FinBERT
165,111.28234625946192,0.204550891776825,0.13379480444871047,0.2198213133154855,14879.808680676628,-0.7663787603378296,-0.9204003810882568,0.15402162075042725,FinBERT
166,111.51447007644694,0.20485794066743038,0.13379480444871047,0.2198213133154855,15151.736750376553,-0.8884751200675964,-0.7301321625709534,0.15834295749664307,FinBERT
167,109.9778885843222,0.20485794066743038,0.1333940115054744,0.2198213133154855,16043.981519653313,0.6987460851669312,0.0378240384161472,0.6609220467507839,FinBERT
168,109.38336906154936,0.20516545046544316,0.1333940115054744,0.2198213133154855,18069.260470948022,-0.8548024296760559,-0.8861358761787415,0.03133344650268555,FinBERT
169,106.71248832724933,0.20516545046544316,0.13299441916927227,0.2201512844527346,21194.70938052324,0.9115801453590392,-0.4182787537574768,1.3298588991165161,FinBERT
170,106.80109911297973,0.20516545046544316,0.13259602384359073,0.22048175090570077,21001.60513992989,0.8992880582809448,0.0566007867455482,0.8426872715353966,FinBERT
171,105.22913523576223,0.20516545046544316,0.13259602384359073,0.22048175090570077,21734.821803802075,-0.4259058237075805,-0.4167055189609527,0.009200304746627808,FinBERT
172,103.90315684439408,0.20516545046544316,0.13219882194268995,0.22048175090570077,20843.221203318022,0.6123327016830444,0.0076324129477143,0.6047002887353301,FinBERT
173,105.51511313229398,0.20516545046544316,0.13219882194268995,0.22048175090570077,21574.054031869637,0.788417637348175,0.5054714679718018,0.2829461693763733,FinBERT
174,105.02910927117446,0.20516545046544316,0.13180280989157112,0.22048175090570077,21595.16839689825,0.5661120414733887,-0.8291279673576355,1.3952400088310242,FinBERT
175,104.71350039663126,0.20516545046544316,0.1314079841259451,0.22048175090570077,21821.946001468423,0.6131184697151184,-0.0850142166018486,0.698132686316967,FinBERT
176,103.87031581104108,0.20516545046544316,0.1314079841259451,0.22048175090570077,20963.463973091708,-0.8287531733512878,-0.8861563205718994,0.05740314722061157,FinBERT
177,103.22930740096614,0.20516545046544316,0.13101434109219975,0.22048175090570077,20132.921672237804,-0.1709999740123748,-0.7983267307281494,0.6273267567157746,FinBERT
178,100.69526798772213,0.20516545046544316,0.13062187724736782,0.22048175090570077,16497.900238724284,0.4517286121845245,-0.7171397805213928,1.1688683927059174,FinBERT
179,101.92954850562926,0.20516545046544316,0.13023058905909538,0.22048175090570077,18520.28634832533,0.616317629814148,-0.0369789898395538,0.6532966196537018,FinBERT
180,101.7384445293072,0.20516545046544316,0.12984047300561008,0.2208127134178964,17868.84115308481,0.8742306232452393,-0.9174066185951232,1.7916372418403625,FinBERT
181,104.56592289306228,0.20516545046544316,0.12945152557568923,0.22114417273395007,22439.276419856033,0.856820285320282,0.0016384031623601,0.8551818821579219,FinBERT
182,104.80752030748448,0.20516545046544316,0.12906374326862832,0.22147612959960808,22187.24933448763,0.8201656341552734,0.0129513004794716,0.8072143336758019,FinBERT
183,103.93865207974031,0.20516545046544316,0.12906374326862832,0.22147612959960808,21684.475257236,-0.0248133838176727,-0.0827229022979736,0.0579095184803009,FinBERT
184,104.78428989397412,0.20516545046544316,0.1286771225942093,0.22180858476173626,22256.45794900332,0.8948292136192322,0.0066951811313629,0.8881340324878693,FinBERT
185,104.73887433935133,0.20516545046544316,0.12829166007266976,0.22180858476173626,22707.901745398838,0.8001282811164856,0.0155240595340728,0.7846042215824128,FinBERT
186,105.5442486105009,0.20516545046544316,0.12790735223467073,0.22214153896832134,22218.505488162074,0.851031482219696,-0.8883571028709412,1.7393885850906372,FinBERT
187,103.45176996271977,0.20516545046544316,0.1275241956212662,0.22214153896832134,21203.427757284073,0.7950987815856934,-0.0484651774168014,0.8435639590024948,FinBERT
188,101.10602177672567,0.20516545046544316,0.1271421867838718,0.22214153896832134,18708.149555050564,0.8027482032775879,0.025314413011074,0.7774337902665139,FinBERT
189,99.71124602294304,0.20516545046544316,0.1271421867838718,0.22214153896832134,16643.9337756835,-0.6848635673522949,-0.5998222231864929,0.085041344165802,FinBERT
190,98.36346921023883,0.20547342186272602,0.1271421867838718,0.22214153896832134,15113.39740102822,-0.9237673282623292,-0.8875452280044556,0.036222100257873646,FinBERT
191,96.93561903301475,0.20547342186272602,0.12676132228423342,0.22214153896832134,14928.369422120735,0.7416045069694519,-0.9051164388656616,1.6467209458351135,FinBERT
192,96.77201551189148,0.20547342186272602,0.12638159869439644,0.22214153896832134,15306.672224143611,0.0147665571421384,-0.8039250373840332,0.8186915945261716,FinBERT
193,95.56045967697821,0.20547342186272602,0.12600301259667512,0.22214153896832134,16308.546018097193,-0.0173107087612152,-0.6372394561767578,0.6199287474155426,FinBERT
194,95.81324107058094,0.20547342186272602,0.12562556058362184,0.22247499296847295,16334.959165095263,0.838054895401001,0.0,0.838054895401001,FinBERT
195,96.94126765621155,0.20547342186272602,0.12524923925799597,0.22247499296847295,14904.322688258731,0.629436731338501,0.0,0.629436731338501,FinBERT
196,97.48673703579485,0.20547342186272602,0.1248740452327335,0.22280894751242541,15132.788305525872,0.8772189021110535,-0.3135975301265716,1.1908164322376251,FinBERT
197,96.27113597558257,0.20547342186272602,0.1248740452327335,0.22280894751242541,16039.948754333394,0.0137695018202066,0.012424542568624,0.0013449592515826,FinBERT
198,98.35443177687105,0.20547342186272602,0.1248740452327335,0.22280894751242541,15695.077960931629,-0.0129323527216911,0.0083650108426809,0.021297363564372,FinBERT
199,98.9352498786542,0.20547342186272602,0.12449997513091716,0.2231434033515389,16844.957307044693,0.9009975790977478,-0.7605653405189514,1.6615629196166992,FinBERT
200,99.67460716667286,0.20547342186272602,0.12412702558574504,0.2234783612383016,17403.670951433414,0.8731038570404053,-0.9311782121658324,1.8042820692062378,FinBERT
201,98.60254210977378,0.20547342186272602,0.12375519324050084,0.22381382192633115,16113.137829650763,0.7772294282913208,-0.0833779871463775,0.8606074154376983,FinBERT
202,97.79626475162604,0.20547342186272602,0.12338447474852364,0.22414978617037656,15398.374035361543,0.8126341104507446,-0.7665160894393921,1.5791501998901367,FinBERT
203,98.04270913786178,0.20547342186272602,0.12301486677317758,0.22414978617037656,15384.624482412151,-0.5812246203422546,0.0,0.5812246203422546,FinBERT
204,100.73985917927732,0.20578185555218004,0.12301486677317758,0.22414978617037656,19552.737200722087,-0.9213326573371888,-0.8874440789222717,0.0338885784149171,FinBERT
205,101.08874206062319,0.20578185555218004,0.12301486677317758,0.22414978617037656,20723.22361641453,-0.7441311478614807,-0.9108296632766724,0.16669851541519165,FinBERT
206,101.65412144731754,0.20578185555218004,0.12264636598782212,0.22448625472631975,20926.23941145286,0.8900853395462036,0.4499441683292389,0.4401411712169647,FinBERT
207,101.7186256798915,0.20578185555218004,0.12227896907578194,0.22448625472631975,20634.310488349005,0.0847865268588066,0.5445453524589539,0.45975882560014725,FinBERT
208,102.61636368561621,0.20578185555218004,0.12191267273031699,0.2248232283511772,22879.497599878614,0.8459168076515198,0.321575790643692,0.5243410170078278,FinBERT
209,102.12904773780313,0.20578185555218004,0.1215474736545928,0.2248232283511772,22307.503597447358,0.6590719223022461,0.0,0.6590719223022461,FinBERT
210,104.6585392790641,0.20578185555218004,0.12118336856165086,0.22516070780310182,27860.790239316102,0.8285813331604004,-0.3448251783847809,1.1734065115451813,FinBERT
211,104.41687636291427,0.20578185555218004,0.12082035417437909,0.22516070780310182,27576.437837672445,-0.4079829454421997,-0.9353978037834167,0.527414858341217,FinBERT
212,106.48820902157192,0.20578185555218004,0.12082035417437909,0.22516070780310182,28672.052004820976,0.3055123686790466,0.6000077724456787,0.29449540376663214,FinBERT
213,105.62000229372816,0.20578185555218004,0.12045842722548213,0.22549869384138457,28125.234963045834,0.8699268102645874,-0.9275534749031068,1.797480285167694,FinBERT
214,104.27267962403175,0.20578185555218004,0.12045842722548213,0.22549869384138457,27479.117438459118,-0.7194385528564453,-0.7283705472946167,0.008931994438171387,FinBERT
215,103.99359371629303,0.20578185555218004,0.12045842722548213,0.22549869384138457,26836.549769640464,0.228190004825592,0.4821631908416748,0.25397318601608276,FinBERT
216,104.36934155204325,0.20578185555218004,0.12045842722548213,0.22549869384138457,27675.090882658387,-0.0646708011627197,-0.0288667008280754,0.035804100334644304,FinBERT
217,103.03074961219633,0.20578185555218004,0.1200975844574522,0.22549869384138457,24922.310868779383,0.6987460851669312,0.0342179909348487,0.6645280942320825,FinBERT
218,102.93292059642467,0.20578185555218004,0.11973782262253953,0.22549869384138457,24389.139259100255,0.7205401062965393,-0.4228474199771881,1.1433875262737274,FinBERT
219,102.50895931516347,0.20578185555218004,0.11937913848272322,0.22549869384138457,23365.040296348376,-0.2695741057395935,0.26607346534729,0.5356475710868835,FinBERT
220,104.03801176174024,0.20578185555218004,0.11937913848272322,0.22583718722645613,27143.2046904461,0.7633147239685059,0.8111298084259033,0.04781508445739746,FinBERT
221,101.13268552392977,0.20609075222774642,0.11937913848272322,0.22583718722645613,22020.399407802226,-0.7675625085830688,-0.9101523160934448,0.14258980751037598,FinBERT
222,98.82005540868734,0.20640011258440805,0.11937913848272322,0.22583718722645613,19173.459753778196,-0.9084818959236144,-0.7244755029678345,0.18400639295577992,FinBERT
223,98.6862371291666,0.20640011258440805,0.11902152880968221,0.22583718722645613,18747.21455308792,0.0506926178932189,0.5777733325958252,0.5270807147026063,FinBERT
224,100.627257337052,0.20640011258440805,0.11902152880968221,0.22583718722645613,20735.755644325043,0.074923425912857,0.0448497310280799,0.030073694884777097,FinBERT
225,101.04183220120235,0.20640011258440805,0.11866499038476615,0.22617618871988868,22055.533506373522,0.8789581656455994,-0.9238221645355223,1.8027803301811218,FinBERT
226,101.99399293784815,0.20640011258440805,0.11830951999896634,0.2265156990843976,23461.137981336025,0.8397693634033203,-0.6370048522949219,1.4767742156982422,FinBERT
227,101.31671862801018,0.20640011258440805,0.11830951999896634,0.2268557190838432,22457.794144945557,0.8486135601997375,0.7701044082641602,0.07850915193557739,FinBERT
228,102.38233091923043,0.20640011258440805,0.11795511445288687,0.2268557190838432,24664.904952651243,-0.1782747060060501,0.330027163028717,0.5083018690347672,FinBERT
229,100.71079627192508,0.20640011258440805,0.11760177055671595,0.22719624948323236,20975.75592167877,0.8805036544799805,0.4011715948581695,0.47933205962181097,FinBERT
230,98.29576384895365,0.20640011258440805,0.11724948513019717,0.2275372910487202,18958.212887251473,0.7648921608924866,-0.8234425783157349,1.5883347392082214,FinBERT
231,97.34453780120093,0.20640011258440805,0.11689825500260077,0.2275372910487202,20278.294169937406,0.5525000095367432,-0.2145862877368927,0.7670862972736359,FinBERT
232,94.03454985978125,0.20640011258440805,0.11654807701269515,0.22787884454761215,28492.82051108734,0.8735485672950745,0.5657346248626709,0.30781394243240356,FinBERT
233,93.20633811128756,0.20640011258440805,0.11654807701269515,0.22787884454761215,31327.011458182773,0.636655330657959,0.7645168304443359,0.12786149978637695,FinBERT
234,92.92181101799882,0.20640011258440805,0.11619894800871851,0.22787884454761215,32454.173551399883,0.0076938439160585,0.893552839756012,0.8858589958399534,FinBERT
235,93.88491089215933,0.20640011258440805,0.11585086484835032,0.22787884454761215,29529.802997497256,0.6470620632171631,-0.0920048654079437,0.7390669286251068,FinBERT
236,93.81135414030696,0.20640011258440805,0.11585086484835032,0.22787884454761215,29530.394978980232,0.6955257058143616,0.7929883003234863,0.09746259450912476,FinBERT
237,92.92780539982436,0.20670993731819126,0.11585086484835032,0.22787884454761215,32564.642825251954,-0.8413096070289612,-0.8549371361732483,0.01362752914428711,FinBERT
238,93.36363785281652,0.20670993731819126,0.11585086484835032,0.22822091074836526,30719.578426718424,0.8633680939674377,0.8600346446037292,0.003333449363708496,FinBERT
239,92.45828367093479,0.20670993731819126,0.11550382439868309,0.22856349042059018,33730.26677922162,0.8746849298477173,0.0916647315025329,0.7830201983451843,FinBERT
240,92.56860905666224,0.20670993731819126,0.11515782353619426,0.22856349042059018,33693.26056905213,0.4924669861793518,-0.1339101344347,0.6263771206140518,FinBERT
241,94.70246875059972,0.20670993731819126,0.11481285914671806,0.22856349042059018,27353.524662880733,-0.3248013854026794,0.7077078223228455,1.032509207725525,FinBERT
242,94.62541993063654,0.20670993731819126,0.11446892812541734,0.22890658433505273,27464.750896369827,0.8569076061248779,0.5334928035736084,0.32341480255126953,FinBERT
243,94.77697584958447,0.20670993731819126,0.11412602737675592,0.2292501932636758,27318.12923490519,0.9077131152153016,-0.1760283708572387,1.0837414860725403,FinBERT
244,95.26174255589629,0.20670993731819126,0.11378415381447039,0.2292501932636758,25486.64522522019,0.5527127385139465,-0.9278998970985411,1.4806126356124878,FinBERT
245,94.83327226013137,0.20670993731819126,0.11344330436154246,0.22959431797954097,27270.641083213148,0.8566654324531555,-0.0654447078704834,0.9221101403236389,FinBERT
246,93.11190592050761,0.20670993731819126,0.11310347595017152,0.22993895925689026,32777.6251601946,0.8687012791633606,0.0,0.8687012791633606,FinBERT
247,92.76981324945056,0.20670993731819126,0.11276466552174648,0.23028411787112793,33922.41923049548,0.8970025181770325,-0.2961072623729706,1.193109780550003,FinBERT
248,92.35560593540872,0.20670993731819126,0.11276466552174648,0.23062979459882219,34758.38998390041,0.9082605838775636,0.7647792100906372,0.14348137378692638,FinBERT
249,93.08744056846133,0.20670993731819126,0.11242687002681882,0.23062979459882219,32863.249636360946,0.214922547340393,-0.8929523825645447,1.1078749299049377,FinBERT
250,91.85237356782186,0.20670993731819126,0.11209008642507481,0.23062979459882219,37212.90922478191,0.7833724021911621,-0.920210063457489,1.7035824656486511,FinBERT
251,90.78863504132194,0.20670993731819126,0.1117543116853081,0.23097599021770693,41554.5426794637,0.889708399772644,0.0,0.889708399772644,FinBERT
