,StockPrice,ImpliedVol_OTM_Put,ImpliedVol_ATM,ImpliedVol_OTM_Call,MMPortfolioValue,TitleSentiment,ContentSentiment,Divergence,Scenario
0,100.97303520019001,0.2,0.2,0.2,0.0,-0.296,-0.4660371541976928,0.17003715419769283,LowNoise
1,103.06322664720558,0.2,0.1998000949715061,0.2,1.5483529346775384,0.0,-0.3253911435604095,0.3253911435604095,LowNoise
2,102.2808850684751,0.2,0.1998000949715061,0.2,1.21830354266109,0.1779,-0.0079860128462314,0.1858860128462314,LowNoise
3,102.76079079249483,0.2,0.1998000949715061,0.2,1.3930024194587958,0.0,-0.2081257998943328,0.2081257998943328,LowNoise
4,105.00134504851425,0.2,0.1996003897531143,0.2,4.7757138618143955,0.0,0.5676647424697876,0.5676647424697876,LowNoise
5,105.06500521481377,0.2,0.1996003897531143,0.2,4.833297009581884,0.0,0.0,0.0,LowNoise
6,105.42751490840377,0.2,0.19940088414510937,0.2000500050002501,6.366201133376279,0.6808,0.0,0.6808,LowNoise
7,107.89804361289441,0.2,0.1992015779479757,0.2000500050002501,10.125260916861492,-0.1531,0.893648624420166,1.046748624420166,LowNoise
8,107.77086304179322,0.2,0.1992015779479757,0.2000500050002501,10.027837757543224,0.0,0.0,0.0,LowNoise
9,108.14433966783396,0.2,0.19900247096239707,0.2001000225030005,11.221108962716158,0.6369,0.1147987246513366,0.5221012753486635,LowNoise
10,109.71840780231115,0.2,0.19880356298925653,0.2001000225030005,14.632986347774178,0.0,-0.5646994113922119,0.5646994113922119,LowNoise
11,110.01562679485079,0.2,0.19860485382963622,0.2001000225030005,15.788634244541683,0.0,-0.532961905002594,0.532961905002594,LowNoise
12,108.46983826504415,0.2,0.19840634328481702,0.2001000225030005,17.850421610480282,0.0,-0.7686641812324524,0.7686641812324524,LowNoise
13,107.02643431654239,0.2000500050002501,0.1982080311562784,0.2001000225030005,19.51283304136906,-0.4767,0.0,0.4767,LowNoise
14,105.80579641156076,0.2000500050002501,0.1980099172456983,0.20015005251137702,20.988548127447864,0.6369,-0.4965921938419342,1.1334921938419342,LowNoise
15,107.86660751801267,0.2000500050002501,0.19781200135495286,0.20015005251137702,27.674270032532533,0.0,-0.9266737699508668,0.9266737699508668,LowNoise
16,108.17232401738126,0.2000500050002501,0.19761428328611635,0.20015005251137702,28.02651068031939,0.0,-0.9158535599708556,0.9158535599708556,LowNoise
17,108.71631249347008,0.2000500050002501,0.19741676284146079,0.20020009502850647,30.50696095093454,0.296,-0.7532626390457153,1.0492626390457154,LowNoise
18,106.58344153453274,0.2000500050002501,0.19721943982345583,0.20020009502850647,38.192887416657186,-0.1027,-0.6999520063400269,0.5972520063400268,LowNoise
19,105.30492468369799,0.2000500050002501,0.1970223140347685,0.20025015005751634,41.480445000747636,0.743,-0.922640323638916,1.665640323638916,LowNoise
20,103.84325116285738,0.2000500050002501,0.1970223140347685,0.2003002176015349,53.371249497234686,0.25,0.5215030312538147,0.2715030312538147,LowNoise
21,101.18797964287057,0.2000500050002501,0.19682538527826318,0.2003002176015349,99.57413633439968,0.0,-0.8514328598976135,0.8514328598976135,LowNoise
22,98.90813748365196,0.2000500050002501,0.1966286533570013,0.2003002176015349,124.52690369442932,0.0,-0.3367421329021454,0.3367421329021454,LowNoise
23,97.87752082954779,0.2000500050002501,0.19643211807424105,0.2003002176015349,131.2263657452582,0.25,-0.7740878462791443,1.0240878462791443,LowNoise
24,97.34711296597303,0.2000500050002501,0.1962357792334373,0.2003002176015349,133.23659805750384,0.0,0.644846498966217,0.644846498966217,LowNoise
25,97.1309297984142,0.2000500050002501,0.1962357792334373,0.2003002176015349,133.39987482454075,0.0,0.0369130000472068,0.0369130000472068,LowNoise
26,100.395942764442,0.2001000225030005,0.19603963663824134,0.2003002176015349,159.46669518698033,-0.4019,0.2346800863742828,0.6365800863742828,LowNoise
27,100.03234891380774,0.2001000225030005,0.19584369009250083,0.2003502976636912,167.99100307890853,0.4404,-0.8453971147537231,1.285797114753723,LowNoise
28,98.93162274073191,0.2001000225030005,0.1956479394002593,0.2003502976636912,176.74928649839978,0.0,-0.5707823038101196,0.5707823038101196,LowNoise
29,97.06239380484331,0.2001000225030005,0.19545238436575638,0.20040039024711512,193.37755570070277,0.5574,-0.929438292980194,1.486838292980194,LowNoise
30,96.54769352212979,0.2001000225030005,0.19545238436575638,0.20040039024711512,194.57072727906984,0.0,-0.0805688202381134,0.0805688202381134,LowNoise
31,96.99136236496497,0.2001000225030005,0.19545238436575638,0.20040039024711512,195.1872990178268,0.0,0.0477088838815689,0.0477088838815689,LowNoise
32,97.04096840645975,0.2001000225030005,0.19525702479342713,0.20040039024711512,195.47077053903598,0.0,-0.5584771633148193,0.5584771633148193,LowNoise
33,97.74825750405918,0.2001000225030005,0.19525702479342713,0.20040039024711512,198.55509984495657,0.0,0.0238035265356302,0.0238035265356302,LowNoise
34,96.86272509316333,0.2001000225030005,0.19506186048790233,0.20040039024711512,201.705449969037,0.0,-0.9084157943725586,0.9084157943725586,LowNoise
35,97.67844792254533,0.2001000225030005,0.19486689125400775,0.20040039024711512,204.94578082087375,0.0,-0.6192478537559509,0.6192478537559509,LowNoise
36,98.72988584414966,0.2001000225030005,0.19467211689676453,0.20040039024711512,206.93952096330966,0.0,-0.8535124659538269,0.8535124659538269,LowNoise
37,99.07862976336405,0.2001000225030005,0.19467211689676453,0.20040039024711512,207.849172238432,0.0,0.0,0.0,LowNoise
38,96.87405518871124,0.2001000225030005,0.1944775372213884,0.20045049535493725,236.11315257471924,0.3182,-0.4605433344841003,0.7787433344841003,LowNoise
39,94.05187492824669,0.2001000225030005,0.19428315203329005,0.20045049535493725,303.8878135953059,0.0,0.8059352040290833,0.8059352040290833,LowNoise
40,92.49312369148132,0.2001000225030005,0.19428315203329005,0.20045049535493725,335.87495830451746,0.0,-0.0098054390400648,0.0098054390400648,LowNoise
41,92.04349974993576,0.2001000225030005,0.19408896113807445,0.200500612990289,357.428536003359,0.5563,-0.8516430258750916,1.4079430258750916,LowNoise
42,90.59313913997077,0.2001000225030005,0.19408896113807445,0.200500612990289,367.68478622359794,0.0,-0.0566482841968536,0.0566482841968536,LowNoise
43,90.20205166544196,0.2001000225030005,0.19389496434154116,0.20055074315630264,370.54813145956075,0.6249,-0.2150547206401825,0.8399547206401825,LowNoise
44,91.33982087037121,0.2001000225030005,0.19389496434154116,0.20055074315630264,377.3818388121852,0.0,0.0553695559501647,0.0553695559501647,LowNoise
45,91.37996164237212,0.2001000225030005,0.19389496434154116,0.20055074315630264,377.4068406092472,0.0,0.0119719952344894,0.0119719952344894,LowNoise
46,91.93542171768709,0.2001000225030005,0.19389496434154116,0.20055074315630264,380.2862655195472,0.0,0.1422074735164642,0.1422074735164642,LowNoise
47,91.46312067086693,0.2001000225030005,0.1937011614496835,0.20055074315630264,381.2219871575625,0.0,-0.7186067700386047,0.7186067700386047,LowNoise
48,92.33939924733522,0.2001000225030005,0.193507552268689,0.20055074315630264,377.8026590237918,0.0,0.8095428347587585,0.8095428347587585,LowNoise
49,90.95355592600743,0.2001000225030005,0.1933141366049386,0.20055074315630264,398.91696894297274,0.0,0.605836033821106,0.605836033821106,LowNoise
50,90.69153673658373,0.2001000225030005,0.19312091426500713,0.2006008858561111,400.93536444312974,0.7269,0.0,0.7269,LowNoise
51,88.68369898894075,0.2001000225030005,0.19292788505566255,0.20065104109284812,435.1808661831777,0.5574,0.0,0.5574,LowNoise
52,88.52326639237518,0.2001000225030005,0.19273504878386594,0.20065104109284812,435.6849679857761,0.0,-0.5486747622489929,0.5486747622489929,LowNoise
53,88.60411335707607,0.2001000225030005,0.19254240525677133,0.2007012088696483,437.02111009929484,0.5574,0.0,0.5574,LowNoise
54,88.54794009261673,0.2001000225030005,0.1923499542817256,0.2007012088696483,437.11897876052365,0.0,-0.9021173715591432,0.9021173715591432,LowNoise
55,87.63345024629415,0.2001000225030005,0.19215769566626814,0.2007012088696483,447.88844235337694,0.0,0.6679150462150574,0.6679150462150574,LowNoise
56,89.49280736146063,0.20015005251137702,0.19196562921813062,0.2007012088696483,467.1076437651347,-0.4588,0.5559024810791016,1.0147024810791017,LowNoise
57,90.2758643741786,0.20020009502850647,0.19177375474523706,0.2007012088696483,465.2520829430414,-0.5574,0.0240681245923042,0.5814681245923042,LowNoise
58,89.51598931241115,0.20020009502850647,0.19158207205570338,0.2007513891896469,475.48695741205785,0.3612,0.0,0.3612,LowNoise
59,89.29670676298045,0.20020009502850647,0.19139058095783723,0.2007513891896469,475.19698690144816,0.0,-0.8692125678062439,0.8692125678062439,LowNoise
60,88.1991472538573,0.20020009502850647,0.19119928126013797,0.2007513891896469,483.744476103985,0.0,0.4178410172462463,0.4178410172462463,LowNoise
61,87.06795967968807,0.20025015005751634,0.19100817277129634,0.2007513891896469,513.8849567735185,-0.3182,-0.9040281772613524,0.5858281772613525,LowNoise
62,88.85084450952924,0.20025015005751634,0.1908172553001943,0.2007513891896469,521.6671337242724,0.0258,-0.5993826389312744,0.6251826389312745,LowNoise
63,88.80155930141699,0.2003002176015349,0.19062652865590468,0.2007513891896469,520.7041776707811,-0.5994,0.0875025764107704,0.6869025764107705,LowNoise
64,89.2084944620588,0.2003002176015349,0.19043599264769143,0.20080158205598012,522.820716511459,0.4404,-0.2020927369594574,0.6424927369594574,LowNoise
65,89.80866646675555,0.2003502976636912,0.19024564708500893,0.20080158205598012,517.3917075879548,-0.3182,0.4371826648712158,0.7553826648712159,LowNoise
66,89.23521573536817,0.2003502976636912,0.19005549177750208,0.20085178747178475,527.648690631218,0.6597,-0.0229964293539524,0.6826964293539524,LowNoise
67,88.71218521789598,0.2003502976636912,0.19005549177750208,0.20085178747178475,529.8920304837469,0.0,-0.1578709036111831,0.1578709036111831,LowNoise
68,87.53630869798441,0.2003502976636912,0.18986552653500596,0.20085178747178475,557.29378702039,0.1531,-0.8346226215362549,0.9877226215362549,LowNoise
69,88.03235524392477,0.2003502976636912,0.18986552653500596,0.20085178747178475,544.2399558718943,0.0,0.1594436317682266,0.1594436317682266,LowNoise
70,88.96021251511458,0.20040039024711512,0.189675751167546,0.20085178747178475,551.5225814172395,-0.5106,0.0,0.5106,LowNoise
71,89.59462393824262,0.20040039024711512,0.18948616548533717,0.20090200544019857,547.492555192101,0.3612,-0.7758270502090454,1.1370270502090454,LowNoise
72,90.17152080458148,0.20040039024711512,0.18948616548533717,0.20090200544019857,551.3259799097086,0.0,0.1928759813308715,0.1928759813308715,LowNoise
73,89.90698984611737,0.20040039024711512,0.18929676929878442,0.20090200544019857,550.0536066043018,0.0,-0.8233130574226379,0.8233130574226379,LowNoise
74,90.96488836775563,0.20040039024711512,0.18929676929878442,0.20090200544019857,561.4194222944255,0.0,0.0,0.0,LowNoise
75,91.11348062175144,0.20040039024711512,0.18910756241848198,0.20090200544019857,559.3803959322923,0.2023,-0.9289270043373108,1.1312270043373107,LowNoise
76,90.4839598162167,0.20045049535493725,0.18910756241848198,0.20090200544019857,562.8270055405113,-0.34,-0.2971015274524688,0.04289847254753121,LowNoise
77,92.12935322985722,0.20045049535493725,0.18910756241848198,0.20090200544019857,610.4308882982907,-0.2732,0.0,0.2732,LowNoise
78,93.73581372800483,0.20045049535493725,0.18891854465521357,0.20095223596436,650.0851285305735,0.34,0.0,0.34,LowNoise
79,93.00639416577873,0.20045049535493725,0.18891854465521357,0.20095223596436,615.071374782924,0.0,0.0144490953534841,0.0144490953534841,LowNoise
80,94.02796958822934,0.20045049535493725,0.18872971581995193,0.20100247904740828,684.2626077688427,0.34,-0.6551041603088379,0.995104160308838,LowNoise
81,92.48984257010551,0.20045049535493725,0.1885410757238587,0.20100247904740828,643.4577269446295,0.0,-0.8629813194274902,0.8629813194274902,LowNoise
82,91.72851332253937,0.20045049535493725,0.18835262417828438,0.20100247904740828,666.7502218532976,0.0,0.7991282939910889,0.7991282939910889,LowNoise
83,92.52223151440727,0.200500612990289,0.18816436099476805,0.20100247904740828,650.4427524231542,-0.7351,0.2299142926931381,0.9650142926931381,LowNoise
84,92.34319979878357,0.20055074315630264,0.18797628598503702,0.20100247904740828,666.885847212934,-0.6486,0.0,0.6486,LowNoise
85,92.15334727353837,0.2006008858561111,0.18797628598503702,0.20100247904740828,677.9062955087705,-0.5187,-0.6422514319419861,0.12355143194198603,LowNoise
86,93.29306915246609,0.20065104109284812,0.1877883989610069,0.20100247904740828,670.0229986608736,-0.3612,-0.0108059830963611,0.3503940169036389,LowNoise
87,93.6629493920148,0.20065104109284812,0.1877883989610069,0.20100247904740828,702.4705760537062,0.0,0.0093848621472716,0.0093848621472716,LowNoise
88,93.80543963373539,0.20065104109284812,0.1877883989610069,0.20100247904740828,711.267654091342,0.0,0.2865919172763824,0.2865919172763824,LowNoise
89,93.45952244818048,0.20065104109284812,0.18760069973478127,0.20105273469248347,682.1342400220392,0.4588,-0.4845203459262848,0.9433203459262848,LowNoise
90,93.39800758019788,0.20065104109284812,0.18741318811865143,0.20105273469248347,676.482776784817,-0.1531,-0.6464498043060303,0.49334980430603026,LowNoise
91,93.97258368279415,0.20065104109284812,0.18722586392509646,0.2011030029027264,734.3184959713946,0.5859,-0.0080495104193687,0.5939495104193687,LowNoise
92,93.78502375473445,0.20065104109284812,0.18722586392509646,0.2011030029027264,711.525708042181,0.25,0.0136527121067047,0.2363472878932953,LowNoise
93,96.27498697586954,0.20065104109284812,0.18722586392509646,0.2011030029027264,856.2990710619397,0.2944,0.2279640436172485,0.06643595638275149,LowNoise
94,96.68063311438088,0.20065104109284812,0.1870387269667827,0.2011030029027264,866.9204505750955,0.0,-0.8547900915145874,0.8547900915145874,LowNoise
95,98.3422366916728,0.20065104109284812,0.1870387269667827,0.2011030029027264,960.6928849489275,0.0,0.0,0.0,LowNoise
96,100.27145530467581,0.2007012088696483,0.1870387269667827,0.2011030029027264,1042.1326211727026,-0.4019,-0.3114939033985138,0.09040609660148619,LowNoise
97,100.12042649783439,0.2007012088696483,0.1870387269667827,0.2011030029027264,1042.3014665279748,0.0,-0.0605544745922088,0.0605544745922088,LowNoise
98,100.03421849359881,0.2007513891896469,0.18685177705656386,0.2011030029027264,1043.2395583011212,-0.4023,0.0,0.4023,LowNoise
99,102.71269435983932,0.2007513891896469,0.1866650140074807,0.2011030029027264,1122.5151196734826,0.0,0.4832965135574341,0.4832965135574341,LowNoise
100,104.26108374691925,0.2007513891896469,0.1866650140074807,0.2011030029027264,1115.4076582274197,0.0,-0.0854469984769821,0.0854469984769821,LowNoise
101,104.62200402272302,0.20080158205598012,0.1864784376327608,0.2011030029027264,1102.0951501827421,-0.34,0.5208168029785156,0.8608168029785157,LowNoise
102,106.20551647581694,0.20080158205598012,0.18629204774581842,0.2011030029027264,1145.4633873983137,0.0,0.4036485254764557,0.4036485254764557,LowNoise
103,106.23235931117706,0.20080158205598012,0.18610584416025427,0.2011030029027264,1144.3494257239508,-0.128,-0.8370978236198425,0.7090978236198425,LowNoise
104,106.681258894002,0.20080158205598012,0.1859198266898556,0.2011030029027264,1153.233742781008,0.0,-0.9230316877365112,0.9230316877365112,LowNoise
105,105.55458720228447,0.20080158205598012,0.18573399514859548,0.20115328368127863,1143.567271930611,0.2732,0.8983592391014099,0.6251592391014099,LowNoise
106,107.45948307367445,0.20085178747178475,0.1855483493506331,0.20115328368127863,1195.8796725349205,-0.5423,0.0108082927763462,0.5531082927763462,LowNoise
107,107.63427352131998,0.20085178747178475,0.1855483493506331,0.20115328368127863,1196.5565408642403,0.0258,0.0,0.0258,LowNoise
108,106.98981334614712,0.20085178747178475,0.1855483493506331,0.20115328368127863,1200.1146977649698,0.0,0.0,0.0,LowNoise
109,107.52449576831346,0.20085178747178475,0.18536288911031348,0.20120357703128255,1201.6266231534507,0.8591,-0.0863882899284362,0.9454882899284361,LowNoise
110,107.58775087748104,0.20085178747178475,0.18517761424216686,0.20120357703128255,1199.8972547776373,0.0,0.6470737457275391,0.6470737457275391,LowNoise
111,108.91867678227892,0.20090200544019857,0.18517761424216686,0.20120357703128255,1234.6295929519604,-0.296,-0.035014446824789,0.260985553175211,LowNoise
112,107.7567898178512,0.20090200544019857,0.18517761424216686,0.20120357703128255,1230.6945957907285,0.0,-0.0581702440977096,0.0581702440977096,LowNoise
113,106.5477365780413,0.20090200544019857,0.18517761424216686,0.20125388295588142,1244.596548933399,0.25,0.005197312682867,0.244802687317133,LowNoise
114,105.77067247598775,0.20090200544019857,0.18517761424216686,0.20125388295588142,1242.3685802805226,0.1779,0.2714936733245849,0.0935936733245849,LowNoise
115,105.8753598025905,0.20090200544019857,0.18517761424216686,0.20125388295588142,1242.5358260669364,0.0,0.0,0.0,LowNoise
116,107.81795989224685,0.20090200544019857,0.18517761424216686,0.20125388295588142,1288.0595409375132,0.0,0.20225390791893,0.20225390791893,LowNoise
117,105.20774044731901,0.20090200544019857,0.18499252456090926,0.20130420145821915,1306.3181616130487,0.4588,0.1216512620449066,0.33714873795509337,LowNoise
118,106.6820081409785,0.20095223596436,0.18499252456090926,0.20130420145821915,1374.9503578685308,-0.4585,-0.5169603824615479,0.05846038246154783,LowNoise
119,107.6635057154695,0.20095223596436,0.1848076198814417,0.20135453254144048,1383.296292574826,0.3612,0.0,0.3612,LowNoise
120,107.11919058787346,0.20095223596436,0.1848076198814417,0.20135453254144048,1386.4640876429517,0.0,0.0,0.0,LowNoise
121,106.27262958327685,0.20095223596436,0.1848076198814417,0.20140487620869096,1384.691767711774,0.296,0.0,0.296,LowNoise
122,108.4506149585055,0.20095223596436,0.18462290001885023,0.2014552324631169,1445.9609917872795,0.296,-0.2223757207393646,0.5183757207393646,LowNoise
123,108.15735163559741,0.20095223596436,0.18462290001885023,0.2014552324631169,1449.9796767957455,-0.0516,-0.1976740658283233,0.1460740658283233,LowNoise
124,108.18392719142034,0.20095223596436,0.1844383647884057,0.2014552324631169,1447.767474888909,0.0,-0.4630276560783386,0.4630276560783386,LowNoise
125,107.72128179175658,0.20100247904740828,0.18425401400556374,0.2014552324631169,1435.3282337227201,-0.3612,-0.8952687978744507,0.5340687978744507,LowNoise
126,107.1901208054814,0.20105273469248347,0.18425401400556374,0.2014552324631169,1439.1002797098377,-0.3182,-0.1159954965114593,0.2022045034885407,LowNoise
127,108.22849119805629,0.20105273469248347,0.1840698474859642,0.2014552324631169,1457.6376374240133,0.1779,0.8440662622451782,0.6661662622451783,LowNoise
128,107.15561121879075,0.20105273469248347,0.1840698474859642,0.2014552324631169,1458.6276923542898,0.0,-0.0880384668707847,0.0880384668707847,LowNoise
129,107.25273890520015,0.20105273469248347,0.18388586504543147,0.2014552324631169,1455.8574358590868,0.0,0.301022469997406,0.301022469997406,LowNoise
130,108.90672083154455,0.20105273469248347,0.18370206649997375,0.2015056013078654,1501.342673968874,0.3818,-0.843560516834259,1.225360516834259,LowNoise
131,109.64980659305314,0.20105273469248347,0.18370206649997375,0.2015056013078654,1506.4064933614754,0.0,0.0006103999912738,0.0006103999912738,LowNoise
132,109.44829616716356,0.2011030029027264,0.18351845166578334,0.2015056013078654,1505.258166384596,-0.743,0.6878880858421326,1.4308880858421325,LowNoise
133,110.44083777647553,0.2011030029027264,0.1833350203592363,0.2015559827460844,1536.199172421321,0.4404,0.0512967109680175,0.3891032890319825,LowNoise
134,111.01427962661805,0.20115328368127863,0.1831517723968921,0.2015559827460844,1607.132528372931,-0.3387,0.0095868548378348,0.3482868548378348,LowNoise
135,111.53011046319384,0.20115328368127863,0.18296870759549355,0.20160637678092258,1641.362656411808,0.4404,0.0150192342698574,0.4253807657301426,LowNoise
136,110.33627298478895,0.20115328368127863,0.18296870759549355,0.20160637678092258,1551.975290430483,0.0,0.0081528406590223,0.0081528406590223,LowNoise
137,111.46583391876659,0.20115328368127863,0.18278582577196667,0.20160637678092258,1665.3288940870507,-0.1139,-0.5828007459640503,0.4689007459640503,LowNoise
138,115.17914642854619,0.20115328368127863,0.18260312674342052,0.20160637678092258,2139.605904135162,0.25,-0.1757055670022964,0.4257055670022964,LowNoise
139,116.33753640698221,0.20115328368127863,0.18260312674342052,0.20160637678092258,2196.4937863372315,0.1695,-0.0362641662359237,0.2057641662359237,LowNoise
140,117.65298154299391,0.20115328368127863,0.18242061032714693,0.2016567834155293,2262.5818415442436,0.5719,0.0083468928933143,0.5635531071066857,LowNoise
141,117.26364041820595,0.20115328368127863,0.18242061032714693,0.2016567834155293,2232.7834446443085,0.0,-0.2901270389556885,0.2901270389556885,LowNoise
142,116.10593614719124,0.20115328368127863,0.18242061032714693,0.2016567834155293,2207.1511159047072,0.0,0.0023586023598909,0.0023586023598909,LowNoise
143,116.91956985648835,0.20115328368127863,0.18242061032714693,0.2016567834155293,2248.3345372809854,0.0,-0.0557316504418849,0.0557316504418849,LowNoise
144,116.82678215390185,0.20115328368127863,0.1822382763406202,0.20170720265305497,2229.9820946813957,0.5719,0.0,0.5719,LowNoise
145,115.09275856088998,0.20115328368127863,0.18205612460149745,0.20170720265305497,2191.069317189036,0.0,-0.8768138885498047,0.8768138885498047,LowNoise
146,114.50230431490935,0.20115328368127863,0.18205612460149745,0.20170720265305497,2178.4654710494374,0.0,0.0,0.0,LowNoise
147,113.27640618599024,0.20120357703128255,0.18205612460149745,0.20170720265305497,2004.6350781061112,-0.2732,0.0125063126906752,0.2857063126906752,LowNoise
148,111.3679626436339,0.20120357703128255,0.18205612460149745,0.20170720265305497,1895.4465663859137,-0.0572,0.0,0.0572,LowNoise
149,111.83652969581702,0.20120357703128255,0.18187415492761771,0.20175763449665055,1945.7034303404243,0.8779,-0.9299653768539428,1.8078653768539428,LowNoise
150,110.75958167598695,0.20120357703128255,0.18187415492761771,0.20175763449665055,1869.4764459306682,0.0,0.0585574805736541,0.0585574805736541,LowNoise
151,110.96634991499513,0.20120357703128255,0.18187415492761771,0.20175763449665055,1904.994329874707,0.25,-0.02195505797863,0.27195505797863,LowNoise
152,110.28367702015795,0.20120357703128255,0.18169236713700215,0.20175763449665055,1826.958079507153,0.0,-0.6900866627693176,0.6900866627693176,LowNoise
153,108.95721240103795,0.20120357703128255,0.18151076104785385,0.20180807894946787,1856.9226718456462,0.34,0.0,0.34,LowNoise
154,106.68081505280924,0.20120357703128255,0.18151076104785385,0.20180807894946787,1905.6112049440765,0.0,0.0,0.0,LowNoise
155,106.48590965200657,0.20120357703128255,0.18132933647855767,0.20180807894946787,1890.3255151914557,0.0,-0.8828652501106262,0.8828652501106262,LowNoise
156,107.1628815676534,0.20120357703128255,0.18132933647855767,0.20180807894946787,1908.5137769041721,0.0,-0.1008012443780899,0.1008012443780899,LowNoise
157,107.24460364498154,0.20120357703128255,0.18132933647855767,0.20180807894946787,1908.6047699473427,0.0,0.0,0.0,LowNoise
158,104.55905180798298,0.20120357703128255,0.18132933647855767,0.20180807894946787,2071.303400411449,0.0,-0.2156919538974762,0.2156919538974762,LowNoise
159,104.36097716443318,0.20125388295588142,0.18132933647855767,0.20180807894946787,2094.057393103895,-0.5489,-0.6970297694206238,0.14812976942062372,LowNoise
160,105.8217442090495,0.20125388295588142,0.18114809324768,0.20185853601465958,2072.6357665638957,0.4588,0.0015564430505037,0.4572435569494963,LowNoise
161,105.48672647921568,0.20125388295588142,0.18114809324768,0.20185853601465958,2076.5812788827707,-0.0772,0.0046645943075418,0.08186459430754181,LowNoise
162,103.28056149799731,0.20125388295588142,0.18096703117396848,0.20190900569537912,2258.6570179773717,0.4019,0.0119266752153635,0.3899733247846365,LowNoise
163,101.97769694406472,0.20125388295588142,0.18078615007635201,0.2019594879947806,2401.8289934812647,0.7269,0.0,0.7269,LowNoise
164,102.46259250419091,0.20125388295588142,0.1806054497739404,0.2019594879947806,2422.404887866479,0.0,-0.7496165633201599,0.7496165633201599,LowNoise
165,100.90166285107254,0.20125388295588142,0.18042493008602434,0.2019594879947806,2530.286146241622,0.25,-0.9204003810882568,1.1704003810882568,LowNoise
166,101.80091848837631,0.20125388295588142,0.18024459083207506,0.20200998291601907,2463.6910757998885,0.3818,-0.7301321625709534,1.1119321625709533,LowNoise
167,100.2789892806958,0.20125388295588142,0.18024459083207506,0.20200998291601907,2665.0170217270424,0.0,0.0378240384161472,0.0378240384161472,LowNoise
168,100.28114024073679,0.20125388295588142,0.18006443183174425,0.20206049046225028,2665.2728378627407,0.5106,-0.8861358761787415,1.3967358761787416,LowNoise
169,100.6956242998589,0.20125388295588142,0.17988445290486393,0.20206049046225028,2612.9040943402224,0.0,-0.4182787537574768,0.4182787537574768,LowNoise
170,100.29440592692565,0.20125388295588142,0.17988445290486393,0.20206049046225028,2651.088604492245,0.0,0.0566007867455482,0.0566007867455482,LowNoise
171,101.09054552743152,0.20125388295588142,0.17970465387144616,0.20206049046225028,2583.8583216921916,-0.0617,-0.4167055189609527,0.3550055189609527,LowNoise
172,103.5619739766124,0.20130420145821915,0.17952503455168284,0.20206049046225028,2391.794121305844,-0.4215,0.0076324129477143,0.42913241294771426,LowNoise
173,103.92254280371924,0.20130420145821915,0.17952503455168284,0.20211101063663084,2361.5623494912124,0.3182,0.5054714679718018,0.18727146797180177,LowNoise
174,103.86337908923089,0.20130420145821915,0.17934559476594567,0.20211101063663084,2340.1823724265187,0.25,-0.8291279673576355,1.0791279673576355,LowNoise
175,104.04811479854888,0.20130420145821915,0.17916633433478596,0.202161543442318,2352.4132000731406,0.4404,-0.0850142166018486,0.5254142166018486,LowNoise
176,103.21836504346018,0.20130420145821915,0.17898725307893426,0.20221208888246994,2458.791526800556,0.4404,-0.8861563205718994,1.3265563205718993,LowNoise
177,104.71949911653651,0.20130420145821915,0.17880835081930027,0.20221208888246994,2379.4880220161667,0.0,-0.7983267307281494,0.7983267307281494,LowNoise
178,106.39552051997437,0.20130420145821915,0.1786296273769728,0.20221208888246994,2403.5208030389717,-0.1531,-0.7171397805213928,0.5640397805213928,LowNoise
179,105.58474914576244,0.20130420145821915,0.1786296273769728,0.20221208888246994,2421.3746731091087,0.0,-0.0369789898395538,0.0369789898395538,LowNoise
180,107.32681478613226,0.20130420145821915,0.17845108257321957,0.20221208888246994,2486.9973053036465,0.0,-0.9174066185951232,0.9174066185951232,LowNoise
181,106.77237354600918,0.20130420145821915,0.17845108257321957,0.20221208888246994,2473.710578715792,0.0,0.0016384031623601,0.0016384031623601,LowNoise
182,106.63485101120202,0.20130420145821915,0.17845108257321957,0.20221208888246994,2468.912658422719,-0.2411,0.0129513004794716,0.2540513004794716,LowNoise
183,106.87022256469542,0.20130420145821915,0.17845108257321957,0.20221208888246994,2479.9129185032025,0.0,-0.0827229022979736,0.0827229022979736,LowNoise
184,107.0680568841816,0.20130420145821915,0.17845108257321957,0.20226264696024565,2480.6419248181996,0.2263,0.0066951811313629,0.2196048188686371,LowNoise
185,109.69733104128122,0.20130420145821915,0.17827271622948668,0.2023132176788048,2740.382948121342,0.3612,0.0155240595340728,0.3456759404659272,LowNoise
186,106.72737398545434,0.20130420145821915,0.17809452816739893,0.2023132176788048,2701.118683746039,-0.1027,-0.8883571028709412,0.7856571028709411,LowNoise
187,109.91176762390819,0.20130420145821915,0.17791651820875928,0.20236380104130794,3002.291702382915,0.5719,-0.0484651774168014,0.6203651774168013,LowNoise
188,110.29627416551163,0.20130420145821915,0.17791651820875928,0.20236380104130794,3051.7429943288,0.0,0.025314413011074,0.025314413011074,LowNoise
189,106.67888283018512,0.20130420145821915,0.17773868617554897,0.20236380104130794,3043.5196535409214,0.0,-0.5998222231864929,0.5998222231864929,LowNoise
190,107.14089087549267,0.20130420145821915,0.17756103188992697,0.20241439705091635,3046.8492325469747,0.743,-0.8875452280044556,1.6305452280044554,LowNoise
191,107.10554223835732,0.20130420145821915,0.17738355517423013,0.20246500571079215,3040.264336907774,0.34,-0.9051164388656616,1.2451164388656617,LowNoise
192,108.57670997955277,0.20130420145821915,0.17720625585097283,0.20246500571079215,3157.971359220185,0.0,-0.8039250373840332,0.8039250373840332,LowNoise
193,109.09706903707676,0.20130420145821915,0.17702913374284687,0.20246500571079215,3220.0731060409435,0.2057,-0.6372394561767578,0.8429394561767578,LowNoise
194,108.97866568859693,0.20130420145821915,0.17685218867272132,0.2025156270240982,3189.8154252360655,0.3182,0.0,0.3182,LowNoise
195,108.03580918888221,0.20130420145821915,0.17685218867272132,0.2025156270240982,3125.6989581529447,0.0,0.0,0.0,LowNoise
196,108.88206865325178,0.20130420145821915,0.1766754204636421,0.2025156270240982,3210.1331010381055,0.0516,-0.3135975301265716,0.3651975301265716,LowNoise
197,110.21600670264833,0.20130420145821915,0.1766754204636421,0.2025156270240982,3302.6917179998145,0.0,0.012424542568624,0.012424542568624,LowNoise
198,108.71855839915486,0.20130420145821915,0.1766754204636421,0.20256626099399816,3254.638741833944,0.2023,0.0083650108426809,0.1939349891573191,LowNoise
199,107.78542733149726,0.20130420145821915,0.17649882893883231,0.20261690762365653,3184.4555400644167,0.4404,-0.7605653405189514,1.2009653405189513,LowNoise
200,106.2888226851813,0.20130420145821915,0.17632241392169148,0.20261690762365653,3162.121584219467,0.0,-0.9311782121658324,0.9311782121658324,LowNoise
201,106.2664528645542,0.20130420145821915,0.17614617523579582,0.20266756691623855,3154.3756431496154,0.34,-0.0833779871463775,0.42337798714637753,LowNoise
202,105.65283321281485,0.20130420145821915,0.17597011270489776,0.20266756691623855,3163.1090028719937,-0.1695,-0.7665160894393921,0.5970160894393921,LowNoise
203,104.77219070386815,0.20130420145821915,0.17579422615292598,0.2027182388749102,3160.5018493566804,0.5106,0.0,0.5106,LowNoise
204,101.9687811366621,0.20130420145821915,0.17561851540398515,0.2027689235028384,3823.104039581826,0.4019,-0.8874440789222717,1.2893440789222717,LowNoise
205,103.16832546672333,0.20130420145821915,0.17544298028235572,0.2027689235028384,3598.9433063606116,0.0,-0.9108296632766724,0.9108296632766724,LowNoise
206,104.56434685093022,0.20130420145821915,0.17526762061249365,0.2027689235028384,3386.620785591087,0.0,0.4499441683292389,0.4499441683292389,LowNoise
207,103.7149283699606,0.20130420145821915,0.17509243621903062,0.2027689235028384,3480.991752115254,-0.1531,0.5445453524589539,0.6976453524589539,LowNoise
208,103.51756647323651,0.20130420145821915,0.17491742692677345,0.2027689235028384,3552.422192418383,0.0,0.321575790643692,0.321575790643692,LowNoise
209,102.84454273579409,0.20130420145821915,0.17491742692677345,0.2028196208031908,3717.9519189747753,0.25,0.0,0.25,LowNoise
210,104.79334047278486,0.20130420145821915,0.17474259256070407,0.2028196208031908,3416.2782897487714,0.0,-0.3448251783847809,0.3448251783847809,LowNoise
211,103.739688149248,0.20130420145821915,0.17456793294597933,0.2028196208031908,3561.8205282539598,-0.128,-0.9353978037834167,0.8073978037834167,LowNoise
212,101.63325576588377,0.20130420145821915,0.17439344790793088,0.2028196208031908,4056.667466990845,0.0,0.6000077724456787,0.6000077724456787,LowNoise
213,103.56893990672765,0.20130420145821915,0.17421913727206498,0.2028196208031908,3768.399260880218,0.0,-0.9275534749031068,0.9275534749031068,LowNoise
214,102.2550089660805,0.20130420145821915,0.17404500086406216,0.2028196208031908,4138.886179950081,0.0,-0.7283705472946167,0.7283705472946167,LowNoise
215,104.67551384267063,0.20130420145821915,0.1738710385097773,0.2028196208031908,3735.8859539952764,0.0,0.4821631908416748,0.4821631908416748,LowNoise
216,105.98146157339322,0.20130420145821915,0.1738710385097773,0.20287033077913574,3760.793220759094,0.2263,-0.0288667008280754,0.2551667008280754,LowNoise
217,105.60139360519898,0.20130420145821915,0.1738710385097773,0.20287033077913574,3768.0312363956764,0.0,0.0342179909348487,0.0342179909348487,LowNoise
218,104.63712933068237,0.20130420145821915,0.17369725003523942,0.20287033077913574,3811.531366661139,0.0,-0.4228474199771881,0.4228474199771881,LowNoise
219,104.88800053454483,0.20135453254144048,0.17352363526665138,0.20287033077913574,3761.998528582799,-0.1531,0.26607346534729,0.41917346534729,LowNoise
220,105.16884189912493,0.20135453254144048,0.17335019403038965,0.20287033077913574,3700.4055708734177,0.0,0.8111298084259033,0.8111298084259033,LowNoise
221,103.55020864233582,0.20135453254144048,0.17317692615300428,0.20287033077913574,4000.106204734438,0.0,-0.9101523160934448,0.9101523160934448,LowNoise
222,101.52595309227057,0.20135453254144048,0.17300383146121878,0.20292105343384248,4533.5143866690905,0.6249,-0.7244755029678345,1.3493755029678345,LowNoise
223,100.81821293216625,0.20135453254144048,0.17283090978192972,0.20292105343384248,4712.19814106689,0.0,0.5777733325958252,0.5777733325958252,LowNoise
224,100.47659470894325,0.20135453254144048,0.17283090978192972,0.20292105343384248,4811.1977124164,0.0,0.0448497310280799,0.0448497310280799,LowNoise
225,99.44692844096195,0.20135453254144048,0.17265816094220676,0.20297178877048103,5146.194417729966,0.2716,-0.9238221645355223,1.1954221645355223,LowNoise
226,99.06979901944032,0.20135453254144048,0.17248558476929246,0.20297178877048103,5156.15365935637,0.0,-0.6370048522949219,0.6370048522949219,LowNoise
227,97.77308308359905,0.20135453254144048,0.17248558476929246,0.2030225367922222,5350.234790389856,0.5267,0.7701044082641602,0.2434044082641602,LowNoise
228,97.11470957514933,0.20135453254144048,0.172313181090602,0.2030225367922222,5372.810530114295,0.0,0.330027163028717,0.330027163028717,LowNoise
229,96.47814546852709,0.20135453254144048,0.172313181090602,0.20307329750223757,5410.640487328298,0.5106,0.4011715948581695,0.10942840514183055,LowNoise
230,94.29938678310086,0.20135453254144048,0.17214094973372304,0.20307329750223757,5598.1884113763845,0.0,-0.8234425783157349,0.8234425783157349,LowNoise
231,95.31513924700755,0.20135453254144048,0.17214094973372304,0.20307329750223757,5632.9704065786445,0.0,-0.2145862877368927,0.2145862877368927,LowNoise
232,94.9390266501978,0.20135453254144048,0.1719688905264156,0.20307329750223757,5639.712971463371,0.0,0.5657346248626709,0.5657346248626709,LowNoise
233,94.69908072009623,0.20135453254144048,0.17179700329661182,0.2031240709036995,5647.04047410747,0.4404,0.7645168304443359,0.3241168304443359,LowNoise
234,93.62754010881177,0.20135453254144048,0.17162528787241596,0.2031240709036995,5588.459228009157,0.0,0.893552839756012,0.893552839756012,LowNoise
235,95.08459853506366,0.20135453254144048,0.1714537440821039,0.20317485699978122,5766.1057945375405,0.4404,-0.0920048654079437,0.5324048654079437,LowNoise
236,92.96948074219075,0.20135453254144048,0.17128237175412336,0.20322565579365667,5670.24129906771,0.4404,0.7929883003234863,0.3525883003234863,LowNoise
237,91.62182162421345,0.20135453254144048,0.1711111707170933,0.20322565579365667,5765.416804191195,0.0,-0.8549371361732483,0.8549371361732483,LowNoise
238,89.9225273438943,0.20135453254144048,0.1709401407998042,0.20322565579365667,5903.826779246572,0.0,0.8600346446037292,0.8600346446037292,LowNoise
239,89.4445044646396,0.20135453254144048,0.1709401407998042,0.20322565579365667,5990.376539061602,0.0,0.0916647315025329,0.0916647315025329,LowNoise
240,89.85760913037758,0.20135453254144048,0.17076928183121753,0.20327646728850063,5907.962508598942,0.8271,-0.1339101344347,0.9610101344347,LowNoise
241,89.38516427589474,0.20135453254144048,0.17076928183121753,0.20332729148748865,5998.681510395081,0.6369,0.7077078223228455,0.07080782232284544,LowNoise
242,88.44539801391022,0.20135453254144048,0.17059859364046573,0.20332729148748865,6153.983614838884,0.0,0.5334928035736084,0.5334928035736084,LowNoise
243,87.39327253664568,0.20135453254144048,0.17059859364046573,0.20332729148748865,6312.929325994865,0.0,-0.1760283708572387,0.1760283708572387,LowNoise
244,87.2159745770059,0.20135453254144048,0.17042807605685217,0.20332729148748865,6361.970884572128,0.0,-0.9278998970985411,0.9278998970985411,LowNoise
245,89.7488118629994,0.20135453254144048,0.17042807605685217,0.20332729148748865,6167.373209300256,0.0,-0.0654447078704834,0.0654447078704834,LowNoise
246,90.19365044907092,0.20135453254144048,0.17025772890985064,0.2033781283937971,6130.4192613417545,0.457,0.0,0.457,LowNoise
247,89.4855393801034,0.20135453254144048,0.1700875520291055,0.20342897801060308,6250.6938711579205,0.25,-0.2961072623729706,0.5461072623729706,LowNoise
248,91.21905771568808,0.20135453254144048,0.16991754524443128,0.20342897801060308,6177.303544312723,0.0,0.7647792100906372,0.7647792100906372,LowNoise
249,90.63597600853569,0.20135453254144048,0.16974770838581277,0.20342897801060308,6182.42912630677,-0.128,-0.8929523825645447,0.7649523825645447,LowNoise
250,89.0682094377576,0.20135453254144048,0.16957804128340456,0.20347984034108457,6450.3249096570335,0.2716,-0.920210063457489,1.191810063457489,LowNoise
251,87.75731041886847,0.20135453254144048,0.16940854376753106,0.2035307153884203,6689.343802535989,0.4019,0.0,0.4019,LowNoise
0,100.80358798537081,0.2,0.2,0.2,0.0,-0.296,-0.4660371541976928,0.17003715419769283,HighNoise
1,101.30945666408994,0.2,0.1998000949715061,0.2,1.52206554802288,0.0,-0.3253911435604095,0.3253911435604095,HighNoise
2,102.75302546910416,0.2,0.1998000949715061,0.2,4.214676601002964,0.1779,-0.0079860128462314,0.1858860128462314,HighNoise
3,100.64664611879446,0.2,0.1998000949715061,0.2,4.7674577624894425,0.0,-0.2081257998943328,0.2081257998943328,HighNoise
4,102.20734820841112,0.2,0.1996003897531143,0.2,7.1320949261316855,0.0,0.5676647424697876,0.5676647424697876,HighNoise
5,102.49748017419499,0.2,0.1996003897531143,0.2,7.605822362552232,0.0,0.0,0.0,HighNoise
6,99.48580428311311,0.2,0.19940088414510937,0.200500612990289,15.053108002373222,0.6808,0.0,0.6808,HighNoise
7,98.3664696150002,0.2,0.1992015779479757,0.200500612990289,20.282769726317937,-0.1531,0.893648624420166,1.046748624420166,HighNoise
8,97.41518193953709,0.2,0.1992015779479757,0.200500612990289,19.008806200450948,0.0,0.0,0.0,HighNoise
9,98.589425526602,0.2,0.19900247096239707,0.20100247904740828,21.381829756171484,0.6369,0.1147987246513366,0.5221012753486635,HighNoise
10,99.31395726325825,0.2,0.19880356298925653,0.20100247904740828,21.179901969128608,0.0,-0.5646994113922119,0.5646994113922119,HighNoise
11,98.36735612851537,0.2,0.19860485382963622,0.20100247904740828,21.596482860244365,0.0,-0.532961905002594,0.532961905002594,HighNoise
12,97.92590108222379,0.2,0.19840634328481702,0.20100247904740828,21.86100439860391,0.0,-0.7686641812324524,0.7686641812324524,HighNoise
13,97.378322503567,0.200500612990289,0.1982080311562784,0.20100247904740828,23.018017586821657,-0.4767,0.0,0.4767,HighNoise
14,95.22439210862196,0.200500612990289,0.1980099172456983,0.2015056013078654,2.561226411669921,0.6369,-0.4965921938419342,1.1334921938419342,HighNoise
15,94.78925942979728,0.200500612990289,0.19781200135495286,0.2015056013078654,4.174607115928154,0.0,-0.9266737699508668,0.9266737699508668,HighNoise
16,94.60934081675367,0.200500612990289,0.19761428328611635,0.2015056013078654,7.145014603226699,0.0,-0.9158535599708556,0.9158535599708556,HighNoise
17,91.44469128859531,0.200500612990289,0.19741676284146079,0.20200998291601907,34.32387844256952,0.296,-0.7532626390457153,1.0492626390457154,HighNoise
18,91.05965661662133,0.200500612990289,0.19721943982345583,0.20200998291601907,36.85747832263122,-0.1027,-0.6999520063400269,0.5972520063400268,HighNoise
19,91.32902557621955,0.200500612990289,0.1970223140347685,0.2025156270240982,40.22619098236878,0.743,-0.922640323638916,1.665640323638916,HighNoise
20,92.26439708536779,0.200500612990289,0.1970223140347685,0.2030225367922222,30.05844541923905,0.25,0.5215030312538147,0.2715030312538147,HighNoise
21,90.89842672076584,0.200500612990289,0.19682538527826318,0.2030225367922222,44.766783188530155,0.0,-0.8514328598976135,0.8514328598976135,HighNoise
22,90.33421022514176,0.200500612990289,0.1966286533570013,0.2030225367922222,49.562911695376755,0.0,-0.3367421329021454,0.3367421329021454,HighNoise
23,90.09557531696122,0.200500612990289,0.19643211807424105,0.2030225367922222,54.87762299217523,0.25,-0.7740878462791443,1.0240878462791443,HighNoise
24,91.06900263957553,0.200500612990289,0.1962357792334373,0.2030225367922222,47.14013522390677,0.0,0.644846498966217,0.644846498966217,HighNoise
25,91.03720509808632,0.200500612990289,0.1962357792334373,0.2030225367922222,47.1286381525633,0.0,0.0369130000472068,0.0369130000472068,HighNoise
26,90.28464342071052,0.20100247904740828,0.19603963663824134,0.2030225367922222,58.610586677675,-0.4019,0.2346800863742828,0.6365800863742828,HighNoise
27,89.34166808345081,0.20100247904740828,0.19584369009250083,0.2035307153884203,53.95166291243855,0.4404,-0.8453971147537231,1.285797114753723,HighNoise
28,88.86228932445931,0.20100247904740828,0.1956479394002593,0.2035307153884203,58.43393008935705,0.0,-0.5707823038101196,0.5707823038101196,HighNoise
29,90.23117708626928,0.20100247904740828,0.19545238436575638,0.2040401659886517,55.11188685672293,0.5574,-0.929438292980194,1.486838292980194,HighNoise
30,90.11753916318457,0.20100247904740828,0.19545238436575638,0.2040401659886517,56.26918232047086,0.0,-0.0805688202381134,0.0805688202381134,HighNoise
31,89.61621570551931,0.20100247904740828,0.19545238436575638,0.2040401659886517,62.49301062908016,0.0,0.0477088838815689,0.0477088838815689,HighNoise
32,88.79062635786585,0.20100247904740828,0.19525702479342713,0.2040401659886517,62.89357724509888,0.0,-0.5584771633148193,0.5584771633148193,HighNoise
33,89.2322966806027,0.20100247904740828,0.19525702479342713,0.2040401659886517,63.011584996374864,0.0,0.0238035265356302,0.0238035265356302,HighNoise
34,89.81767925149973,0.20100247904740828,0.19506186048790233,0.2040401659886517,63.41099061059212,0.0,-0.9084157943725586,0.9084157943725586,HighNoise
35,92.79117479959031,0.20100247904740828,0.19486689125400775,0.2040401659886517,29.346239323666737,0.0,-0.6192478537559509,0.6192478537559509,HighNoise
36,92.92052777700964,0.20100247904740828,0.19467211689676453,0.2040401659886517,28.359931988665053,0.0,-0.8535124659538269,0.8535124659538269,HighNoise
37,92.54883027182962,0.20100247904740828,0.19467211689676453,0.2040401659886517,35.11650861526378,0.0,0.0,0.0,HighNoise
38,93.21189627778594,0.20100247904740828,0.1944775372213884,0.204550891776825,25.119638450131333,0.3182,-0.4605433344841003,0.7787433344841003,HighNoise
39,93.88151005781857,0.20100247904740828,0.19428315203329005,0.204550891776825,19.697340879897908,0.0,0.8059352040290833,0.8059352040290833,HighNoise
40,92.77135977024074,0.20100247904740828,0.19428315203329005,0.204550891776825,14.147145839440242,0.0,-0.0098054390400648,0.0098054390400648,HighNoise
41,95.11309922301302,0.20100247904740828,0.19408896113807445,0.20506289594481855,40.94952553257022,0.5563,-0.8516430258750916,1.4079430258750916,HighNoise
42,96.79458124280706,0.20100247904740828,0.19408896113807445,0.20506289594481855,104.76477999198157,0.0,-0.0566482841968536,0.0566482841968536,HighNoise
43,99.12735386700757,0.20100247904740828,0.19389496434154116,0.20557618169249994,135.79958895436914,0.6249,-0.2150547206401825,0.8399547206401825,HighNoise
44,99.49162450265881,0.20100247904740828,0.19389496434154116,0.20557618169249994,130.92683748772498,0.0,0.0553695559501647,0.0553695559501647,HighNoise
45,99.94058795446514,0.20100247904740828,0.19389496434154116,0.20557618169249994,187.67329973090153,0.0,0.0119719952344894,0.0119719952344894,HighNoise
46,98.75963536633053,0.20100247904740828,0.19389496434154116,0.20557618169249994,125.32573931323233,0.0,0.1422074735164642,0.1422074735164642,HighNoise
47,96.94938617673333,0.20100247904740828,0.1937011614496835,0.20557618169249994,95.82680174957,0.0,-0.7186067700386047,0.7186067700386047,HighNoise
48,95.02331776552336,0.20100247904740828,0.193507552268689,0.20557618169249994,0.7141984953825613,0.0,0.8095428347587585,0.8095428347587585,HighNoise
49,93.7258009950022,0.20100247904740828,0.1933141366049386,0.20557618169249994,-7.224405976102389,0.0,0.605836033821106,0.605836033821106,HighNoise
50,94.66941962072072,0.20100247904740828,0.19312091426500713,0.20609075222774642,-7.100950579039761,0.7269,0.0,0.7269,HighNoise
51,92.10115402958196,0.20100247904740828,0.19292788505566255,0.20660661076646467,22.290795802534447,0.5574,0.0,0.5574,HighNoise
52,91.59552749371721,0.20100247904740828,0.19273504878386594,0.20660661076646467,23.67080416199508,0.0,-0.5486747622489929,0.5486747622489929,HighNoise
53,92.38308868850456,0.20100247904740828,0.19254240525677133,0.20712376053261108,-7.139163243114723,0.5574,0.0,0.5574,HighNoise
54,91.35179708125119,0.20100247904740828,0.1923499542817256,0.20712376053261108,24.623170934825424,0.0,-0.9021173715591432,0.9021173715591432,HighNoise
55,91.84156764988464,0.20100247904740828,0.19215769566626814,0.20712376053261108,23.171224339551472,0.0,0.6679150462150574,0.6679150462150574,HighNoise
56,93.83419257639349,0.2015056013078654,0.19196562921813062,0.20712376053261108,-5.181690200865617,-0.4588,0.5559024810791016,1.0147024810791017,HighNoise
57,92.52638647058164,0.20200998291601907,0.19177375474523706,0.20712376053261108,-20.218549144102823,-0.5574,0.0240681245923042,0.5814681245923042,HighNoise
58,92.18098140041617,0.20200998291601907,0.19158207205570338,0.20764220475821177,-5.140351442404139,0.3612,0.0,0.3612,HighNoise
59,92.66608012881196,0.20200998291601907,0.19139058095783723,0.20764220475821177,-41.06071513807527,0.0,-0.8692125678062439,0.8692125678062439,HighNoise
60,93.91699697565775,0.20200998291601907,0.19119928126013797,0.20764220475821177,-59.94820397591626,0.0,0.4178410172462463,0.4178410172462463,HighNoise
61,94.3713229094045,0.2025156270240982,0.19100817277129634,0.20764220475821177,-56.21905957102797,-0.3182,-0.9040281772613524,0.5858281772613525,HighNoise
62,94.37369557586665,0.2025156270240982,0.1908172553001943,0.20764220475821177,-59.728746734725746,0.0258,-0.5993826389312744,0.6251826389312745,HighNoise
63,93.62932561906747,0.2030225367922222,0.19062652865590468,0.20764220475821177,-36.03794803086767,-0.5994,0.0875025764107704,0.6869025764107705,HighNoise
64,92.9507824008088,0.2030225367922222,0.19043599264769143,0.2081619466833828,-89.70011788673482,0.4404,-0.2020927369594574,0.6424927369594574,HighNoise
65,92.80283951456542,0.2035307153884203,0.19024564708500893,0.2081619466833828,-95.53042883549323,-0.3182,0.4371826648712158,0.7553826648712159,HighNoise
66,92.84238765566566,0.2035307153884203,0.19005549177750208,0.20868298955635062,-108.62159147035277,0.6597,-0.0229964293539524,0.6826964293539524,HighNoise
67,92.8772419661525,0.2035307153884203,0.19005549177750208,0.20868298955635062,-108.95382622675747,0.0,-0.1578709036111831,0.1578709036111831,HighNoise
68,92.69748102617075,0.2035307153884203,0.18986552653500596,0.20868298955635062,-99.5082330256458,0.1531,-0.8346226215362549,0.9877226215362549,HighNoise
69,94.41950859296918,0.2035307153884203,0.18986552653500596,0.20868298955635062,-120.09468754112464,0.0,0.1594436317682266,0.1594436317682266,HighNoise
70,94.2502449959492,0.2040401659886517,0.189675751167546,0.20868298955635062,-113.19323000787425,-0.5106,0.0,0.5106,HighNoise
71,94.47568497696794,0.2040401659886517,0.18948616548533717,0.20920533663347196,-142.02975196441255,0.3612,-0.7758270502090454,1.1370270502090454,HighNoise
72,93.76530866815202,0.2040401659886517,0.18948616548533717,0.20920533663347196,-111.0704497663517,0.0,0.1928759813308715,0.1928759813308715,HighNoise
73,92.21647415093695,0.2040401659886517,0.18929676929878442,0.20920533663347196,-100.18089562153092,0.0,-0.8233130574226379,0.8233130574226379,HighNoise
74,91.85930533382927,0.2040401659886517,0.18929676929878442,0.20920533663347196,-75.85353385732975,0.0,0.0,0.0,HighNoise
75,88.71089096280107,0.2040401659886517,0.18910756241848198,0.20920533663347196,241.59675550732788,0.2023,-0.9289270043373108,1.1312270043373107,HighNoise
76,88.70523714158332,0.204550891776825,0.18910756241848198,0.20920533663347196,240.29452993172544,-0.34,-0.2971015274524688,0.04289847254753121,HighNoise
77,89.00808421475911,0.204550891776825,0.18910756241848198,0.20920533663347196,180.14709840765994,-0.2732,0.0,0.2732,HighNoise
78,87.86741224017804,0.204550891776825,0.18891854465521357,0.20972899117925442,395.58104536421746,0.34,0.0,0.34,HighNoise
79,87.87302174261426,0.204550891776825,0.18891854465521357,0.20972899117925442,395.5078225847759,0.0,0.0144490953534841,0.0144490953534841,HighNoise
80,90.44309705809631,0.204550891776825,0.18872971581995193,0.21025395646637715,-74.75702658172521,0.34,-0.6551041603088379,0.995104160308838,HighNoise
81,89.11505379963103,0.204550891776825,0.1885410757238587,0.21025395646637715,172.42712909411298,0.0,-0.8629813194274902,0.8629813194274902,HighNoise
82,88.82545148999431,0.204550891776825,0.18835262417828438,0.21025395646637715,195.78952410026668,0.0,0.7991282939910889,0.7991282939910889,HighNoise
83,87.84838638796487,0.20506289594481855,0.18816436099476805,0.21025395646637715,397.31288385522925,-0.7351,0.2299142926931381,0.9650142926931381,HighNoise
84,88.39796010049952,0.20557618169249994,0.18797628598503702,0.21025395646637715,262.74327951081005,-0.6486,0.0,0.6486,HighNoise
85,88.56445005015401,0.20609075222774642,0.18797628598503702,0.21025395646637715,245.44996883493013,-0.5187,-0.6422514319419861,0.12355143194198603,HighNoise
86,88.13250319721112,0.20660661076646467,0.1877883989610069,0.21025395646637715,332.85065407448565,-0.3612,-0.0108059830963611,0.3503940169036389,HighNoise
87,87.57817361809788,0.20660661076646467,0.1877883989610069,0.21025395646637715,464.24327467088233,0.0,0.0093848621472716,0.0093848621472716,HighNoise
88,86.99463045481487,0.20660661076646467,0.1877883989610069,0.21025395646637715,526.0140089705111,0.0,0.2865919172763824,0.2865919172763824,HighNoise
89,85.98855307633629,0.20660661076646467,0.18760069973478127,0.21078023577571087,638.0837876461666,0.4588,-0.4845203459262848,0.9433203459262848,HighNoise
90,86.01551689395365,0.20660661076646467,0.18741318811865143,0.21078023577571087,607.5014058206912,-0.1531,-0.6464498043060303,0.49334980430603026,HighNoise
91,87.1236786668616,0.20660661076646467,0.18722586392509646,0.21130783239633852,493.5270887546768,0.5859,-0.0080495104193687,0.5939495104193687,HighNoise
92,88.30869426747256,0.20660661076646467,0.18722586392509646,0.21130783239633852,261.41565279469216,0.25,0.0136527121067047,0.2363472878932953,HighNoise
93,87.95441730108604,0.20660661076646467,0.18722586392509646,0.21130783239633852,328.4994800279648,0.2944,0.2279640436172485,0.06643595638275149,HighNoise
94,87.73125446577636,0.20660661076646467,0.1870387269667827,0.21130783239633852,392.17111161560314,0.0,-0.8547900915145874,0.8547900915145874,HighNoise
95,89.73169520706335,0.20660661076646467,0.1870387269667827,0.21130783239633852,-61.59748901799341,0.0,0.0,0.0,HighNoise
96,89.64400691514363,0.20712376053261108,0.1870387269667827,0.21130783239633852,-69.59352710825763,-0.4019,-0.3114939033985138,0.09040609660148619,HighNoise
97,91.55043902306312,0.20712376053261108,0.1870387269667827,0.21130783239633852,-127.62176457516546,0.0,-0.0605544745922088,0.0605544745922088,HighNoise
98,90.64154527748907,0.20764220475821177,0.18685177705656386,0.21130783239633852,-168.1677704637845,-0.4023,0.0,0.4023,HighNoise
99,91.6520281814914,0.20764220475821177,0.1866650140074807,0.21130783239633852,-136.5719509704221,0.0,0.4832965135574341,0.4832965135574341,HighNoise
100,90.01923428763394,0.20764220475821177,0.1866650140074807,0.21130783239633852,-153.3847946541901,0.0,-0.0854469984769821,0.0854469984769821,HighNoise
101,90.8009367410579,0.2081619466833828,0.1864784376327608,0.21130783239633852,-203.2621140175637,-0.34,0.5208168029785156,0.8608168029785157,HighNoise
102,89.92622695378648,0.2081619466833828,0.18629204774581842,0.21130783239633852,-158.8142084580266,0.0,0.4036485254764557,0.4036485254764557,HighNoise
103,88.20316881977982,0.2081619466833828,0.18610584416025427,0.21130783239633852,255.50350035255786,-0.128,-0.8370978236198425,0.7090978236198425,HighNoise
104,88.09986179096421,0.2081619466833828,0.1859198266898556,0.21130783239633852,253.1985871009607,0.0,-0.9230316877365112,0.9230316877365112,HighNoise
105,87.50961166012046,0.2081619466833828,0.18573399514859548,0.21183674962557572,408.0918128732702,0.2732,0.8983592391014099,0.6251592391014099,HighNoise
106,85.65326375281627,0.20868298955635062,0.1855483493506331,0.21183674962557572,761.4920713627471,-0.5423,0.0108082927763462,0.5531082927763462,HighNoise
107,86.57845900929223,0.20868298955635062,0.1855483493506331,0.21183674962557572,550.6219460657604,0.0258,0.0,0.0258,HighNoise
108,87.1105769310182,0.20868298955635062,0.1855483493506331,0.21183674962557572,458.626606253779,0.0,0.0,0.0,HighNoise
109,85.87838078436117,0.20868298955635062,0.18536288911031348,0.2123669907689916,746.349377793111,0.8591,-0.0863882899284362,0.9454882899284361,HighNoise
110,86.6131457258633,0.20868298955635062,0.18517761424216686,0.2123669907689916,534.2578572465757,0.0,0.6470737457275391,0.6470737457275391,HighNoise
111,86.5619783305698,0.20920533663347196,0.18517761424216686,0.2123669907689916,546.4586533311347,-0.296,-0.035014446824789,0.260985553175211,HighNoise
112,86.25426784540912,0.20920533663347196,0.18517761424216686,0.2123669907689916,581.1333129070636,0.0,-0.0581702440977096,0.0581702440977096,HighNoise
113,86.18604547520485,0.20920533663347196,0.18517761424216686,0.21289855914042932,582.133102393092,0.25,0.005197312682867,0.244802687317133,HighNoise
114,87.45699620589825,0.20920533663347196,0.18517761424216686,0.21289855914042932,356.2196082063535,0.1779,0.2714936733245849,0.0935936733245849,HighNoise
115,87.63832834188595,0.20920533663347196,0.18517761424216686,0.21289855914042932,356.1799852537558,0.0,0.0,0.0,HighNoise
116,88.71062739074887,0.20920533663347196,0.18517761424216686,0.21289855914042932,42.740069918889986,0.0,0.20225390791893,0.20225390791893,HighNoise
117,89.31500687653725,0.20920533663347196,0.18499252456090926,0.213431458062027,-147.97673922265233,0.4588,0.1216512620449066,0.33714873795509337,HighNoise
118,90.9115776997921,0.20972899117925442,0.18499252456090926,0.213431458062027,-256.17156211317894,-0.4585,-0.5169603824615479,0.05846038246154783,HighNoise
119,91.0973294585193,0.20972899117925442,0.1848076198814417,0.21396569086423797,-274.7607589675206,0.3612,0.0,0.3612,HighNoise
120,92.3204607284268,0.20972899117925442,0.1848076198814417,0.21396569086423797,-120.57534573992741,0.0,0.0,0.0,HighNoise
121,92.24406910810269,0.20972899117925442,0.1848076198814417,0.21450126088585203,-129.0474321762942,0.296,0.0,0.296,HighNoise
122,90.66958778635043,0.20972899117925442,0.18462290001885023,0.2150381714740161,-313.4126922175042,0.296,-0.2223757207393646,0.5183757207393646,HighNoise
123,90.47878439046589,0.20972899117925442,0.18462290001885023,0.2150381714740161,-299.42575950009905,-0.0516,-0.1976740658283233,0.1460740658283233,HighNoise
124,89.71781786555026,0.20972899117925442,0.1844383647884057,0.2150381714740161,-330.0189483558286,0.0,-0.4630276560783386,0.4630276560783386,HighNoise
125,89.72621355026683,0.21025395646637715,0.18425401400556374,0.2150381714740161,-348.5448910212556,-0.3612,-0.8952687978744507,0.5340687978744507,HighNoise
126,90.95790930786,0.21078023577571087,0.18425401400556374,0.2150381714740161,-339.13144908607467,-0.3182,-0.1159954965114593,0.2022045034885407,HighNoise
127,91.22037313175225,0.21078023577571087,0.1840698474859642,0.2150381714740161,-328.1727309538644,0.1779,0.8440662622451782,0.6661662622451783,HighNoise
128,92.72471347051729,0.21078023577571087,0.1840698474859642,0.2150381714740161,-141.75767504064862,0.0,-0.0880384668707847,0.0880384668707847,HighNoise
129,91.12277811530392,0.21078023577571087,0.18388586504543147,0.2150381714740161,-368.15301555250517,0.0,0.301022469997406,0.301022469997406,HighNoise
130,89.7646621604638,0.21078023577571087,0.18370206649997375,0.21557642598425558,-414.6817848732911,0.3818,-0.843560516834259,1.225360516834259,HighNoise
131,91.04111247783227,0.21078023577571087,0.18370206649997375,0.21557642598425558,-425.62473911377384,0.0,0.0006103999912738,0.0006103999912738,HighNoise
132,92.80765661800142,0.21130783239633852,0.18351845166578334,0.21557642598425558,-224.82903067641078,-0.743,0.6878880858421326,1.4308880858421325,HighNoise
133,91.68608698024701,0.21130783239633852,0.1833350203592363,0.21611602778049452,-398.05021836250296,0.4404,0.0512967109680175,0.3891032890319825,HighNoise
134,91.98009104492851,0.21183674962557572,0.1831517723968921,0.21611602778049452,-356.4038930370872,-0.3387,0.0095868548378348,0.3482868548378348,HighNoise
135,89.23650326208299,0.21183674962557572,0.18296870759549355,0.21665698023507743,-438.14759182670514,0.4404,0.0150192342698574,0.4253807657301426,HighNoise
136,88.77741689395712,0.21183674962557572,0.18296870759549355,0.21665698023507743,-364.8927928055804,0.0,0.0081528406590223,0.0081528406590223,HighNoise
137,89.4309140188184,0.21183674962557572,0.18278582577196667,0.21665698023507743,-632.4883141210515,-0.1139,-0.5828007459640503,0.4689007459640503,HighNoise
138,91.79370038146222,0.21183674962557572,0.18260312674342052,0.21665698023507743,-489.65204219545944,0.25,-0.1757055670022964,0.4257055670022964,HighNoise
139,90.92772899525643,0.21183674962557572,0.18260312674342052,0.21665698023507743,-656.1122989684975,0.1695,-0.0362641662359237,0.2057641662359237,HighNoise
140,93.00529471154327,0.21183674962557572,0.18242061032714693,0.21719928672878983,-436.6045173721605,0.5719,0.0083468928933143,0.5635531071066857,HighNoise
141,93.11216256584596,0.21183674962557572,0.18242061032714693,0.21719928672878983,-418.30348076155815,0.0,-0.2901270389556885,0.2901270389556885,HighNoise
142,94.2058419950887,0.21183674962557572,0.18242061032714693,0.21719928672878983,-90.95987923514896,0.0,0.0023586023598909,0.0023586023598909,HighNoise
143,94.05839891744927,0.21183674962557572,0.18242061032714693,0.21719928672878983,-110.92805833760923,0.0,-0.0557316504418849,0.0557316504418849,HighNoise
144,95.21259053205476,0.21183674962557572,0.1822382763406202,0.21774295065087965,199.58314624339152,0.5719,0.0,0.5719,HighNoise
145,96.11074956586452,0.21183674962557572,0.18205612460149745,0.21774295065087965,655.9228786706778,0.0,-0.8768138885498047,0.8768138885498047,HighNoise
146,97.46610483025262,0.21183674962557572,0.18205612460149745,0.21774295065087965,1410.7091768885966,0.0,0.0,0.0,HighNoise
147,98.67958595343035,0.2123669907689916,0.18205612460149745,0.21774295065087965,1729.2672985839572,-0.2732,0.0125063126906752,0.2857063126906752,HighNoise
148,100.72656562203734,0.2123669907689916,0.18205612460149745,0.21774295065087965,2205.9005069946484,-0.0572,0.0,0.0572,HighNoise
149,99.45974146821703,0.2123669907689916,0.18187415492761771,0.21828797539907813,1972.5604769250251,0.8779,-0.9299653768539428,1.8078653768539428,HighNoise
150,100.2347294878661,0.2123669907689916,0.18187415492761771,0.21828797539907813,2196.320253211504,0.0,0.0585574805736541,0.0585574805736541,HighNoise
151,99.69597181401389,0.2123669907689916,0.18187415492761771,0.21828797539907813,1993.6576254611543,0.25,-0.02195505797863,0.27195505797863,HighNoise
152,101.3582936892424,0.2123669907689916,0.18169236713700215,0.21828797539907813,2147.2771680344044,0.0,-0.6900866627693176,0.6900866627693176,HighNoise
153,101.53135030031704,0.2123669907689916,0.18151076104785385,0.21883436437962142,2098.277474455525,0.34,0.0,0.34,HighNoise
154,102.51839850358898,0.2123669907689916,0.18151076104785385,0.21883436437962142,2046.579868512995,0.0,0.0,0.0,HighNoise
155,104.10168145906526,0.2123669907689916,0.18132933647855767,0.21883436437962142,2074.2832047160114,0.0,-0.8828652501106262,0.8828652501106262,HighNoise
156,104.43080917564092,0.2123669907689916,0.18132933647855767,0.21883436437962142,2253.150892092927,0.0,-0.1008012443780899,0.1008012443780899,HighNoise
157,105.18427214593908,0.2123669907689916,0.18132933647855767,0.21883436437962142,2144.4467717710368,0.0,0.0,0.0,HighNoise
158,106.90006466191083,0.2123669907689916,0.18132933647855767,0.21883436437962142,1802.6870916111468,0.0,-0.2156919538974762,0.2156919538974762,HighNoise
159,106.55726691736184,0.21289855914042932,0.18132933647855767,0.21883436437962142,1972.2103512849076,-0.5489,-0.6970297694206238,0.14812976942062372,HighNoise
160,107.44224722052745,0.21289855914042932,0.18114809324768,0.21938212100727184,1751.1749835639364,0.4588,0.0015564430505037,0.4572435569494963,HighNoise
161,108.84493925335697,0.21289855914042932,0.18114809324768,0.21938212100727184,1518.2804579479782,-0.0772,0.0046645943075418,0.08186459430754181,HighNoise
162,108.82925082092038,0.21289855914042932,0.18096703117396848,0.21993124870533878,1524.543695148653,0.4019,0.0119266752153635,0.3899733247846365,HighNoise
163,109.15342608522099,0.21289855914042932,0.18078615007635201,0.22048175090570077,1528.0030974407653,0.7269,0.0,0.7269,HighNoise
164,108.01784752348593,0.21289855914042932,0.1806054497739404,0.22048175090570077,1541.8573255676545,0.0,-0.7496165633201599,0.7496165633201599,HighNoise
165,108.93657859621358,0.21289855914042932,0.18042493008602434,0.22048175090570077,1540.143450462381,0.25,-0.9204003810882568,1.1704003810882568,HighNoise
166,109.05283361387103,0.21289855914042932,0.18024459083207506,0.22103363104882612,1543.4525395953572,0.3818,-0.7301321625709534,1.1119321625709533,HighNoise
167,110.78312819654624,0.21289855914042932,0.18024459083207506,0.22103363104882612,1226.1649586304025,0.0,0.0378240384161472,0.0378240384161472,HighNoise
168,108.44401466277729,0.21289855914042932,0.18006443183174425,0.22158689258379513,1490.031749529312,0.5106,-0.8861358761787415,1.3967358761787416,HighNoise
169,109.07024772361224,0.21289855914042932,0.17988445290486393,0.22158689258379513,1479.5025654269637,0.0,-0.4182787537574768,0.4182787537574768,HighNoise
170,108.83296280220173,0.21289855914042932,0.17988445290486393,0.22158689258379513,1478.9691218000505,0.0,0.0566007867455482,0.0566007867455482,HighNoise
171,109.55013829397929,0.21289855914042932,0.17970465387144616,0.22158689258379513,1414.0577228389761,-0.0617,-0.4167055189609527,0.3550055189609527,HighNoise
172,109.99093572083297,0.213431458062027,0.17952503455168284,0.22158689258379513,1370.6053775797604,-0.4215,0.0076324129477143,0.42913241294771426,HighNoise
173,108.98595590220418,0.213431458062027,0.17952503455168284,0.22214153896832134,1453.074468379485,0.3182,0.5054714679718018,0.18727146797180177,HighNoise
174,107.71046071059436,0.213431458062027,0.17934559476594567,0.22214153896832134,1521.8669916524225,0.25,-0.8291279673576355,1.0791279673576355,HighNoise
175,110.33429577936265,0.213431458062027,0.17916633433478596,0.222697573668773,1096.4763305859292,0.4404,-0.0850142166018486,0.5254142166018486,HighNoise
176,108.53852269258132,0.213431458062027,0.17898725307893426,0.22325500016019523,1420.386886496898,0.4404,-0.8861563205718994,1.3265563205718993,HighNoise
177,108.00784501252929,0.213431458062027,0.17880835081930027,0.22325500016019523,1426.9343471969466,0.0,-0.7983267307281494,0.7983267307281494,HighNoise
178,106.26411830439261,0.213431458062027,0.1786296273769728,0.22325500016019523,1811.143763611588,-0.1531,-0.7171397805213928,0.5640397805213928,HighNoise
179,103.81346786070847,0.213431458062027,0.1786296273769728,0.22325500016019523,2286.813542212282,0.0,-0.0369789898395538,0.0369789898395538,HighNoise
180,103.73654821288805,0.213431458062027,0.17845108257321957,0.22325500016019523,2175.744918583012,0.0,-0.9174066185951232,0.9174066185951232,HighNoise
181,104.54927723287615,0.213431458062027,0.17845108257321957,0.22325500016019523,2185.160033002147,0.0,0.0016384031623601,0.0016384031623601,HighNoise
182,104.95057220215976,0.213431458062027,0.17845108257321957,0.22325500016019523,2067.1852520142206,-0.2411,0.0129513004794716,0.2540513004794716,HighNoise
183,104.28044444035504,0.213431458062027,0.17845108257321957,0.22325500016019523,2230.480890198517,0.0,-0.0827229022979736,0.0827229022979736,HighNoise
184,104.30328288374982,0.213431458062027,0.17845108257321957,0.22381382192633115,2213.3454942142475,0.2263,0.0066951811313629,0.2196048188686371,HighNoise
185,105.1330924021091,0.213431458062027,0.17827271622948668,0.22437404245964399,1997.0729521878943,0.3612,0.0155240595340728,0.3456759404659272,HighNoise
186,105.25390867049121,0.213431458062027,0.17809452816739893,0.22437404245964399,2002.6226228889325,-0.1027,-0.8883571028709412,0.7856571028709411,HighNoise
187,103.12522616675861,0.213431458062027,0.17791651820875928,0.22493566526133887,2301.6108430846957,0.5719,-0.0484651774168014,0.6203651774168013,HighNoise
188,104.17731907203107,0.213431458062027,0.17791651820875928,0.22493566526133887,2015.1141438315558,0.0,0.025314413011074,0.025314413011074,HighNoise
189,103.50023852711797,0.213431458062027,0.17773868617554897,0.22493566526133887,2101.4329139207375,0.0,-0.5998222231864929,0.5998222231864929,HighNoise
190,104.77497780731746,0.213431458062027,0.17756103188992697,0.22549869384138457,2023.5706212426646,0.743,-0.8875452280044556,1.6305452280044554,HighNoise
191,103.57823287297192,0.213431458062027,0.17738355517423013,0.22606313171853562,2068.481282758499,0.34,-0.9051164388656616,1.2451164388656617,HighNoise
192,101.6874690871838,0.213431458062027,0.17720625585097283,0.22606313171853562,2385.838207267564,0.0,-0.8039250373840332,0.8039250373840332,HighNoise
193,100.96507325996923,0.213431458062027,0.17702913374284687,0.22606313171853562,2466.0963310664097,0.2057,-0.6372394561767578,0.8429394561767578,HighNoise
194,102.39540008643193,0.213431458062027,0.17685218867272132,0.22662898242035417,2283.0115409132477,0.3182,0.0,0.3182,HighNoise
195,103.48932884041692,0.213431458062027,0.17685218867272132,0.22662898242035417,2001.6243512142653,0.0,0.0,0.0,HighNoise
196,104.81515758109764,0.213431458062027,0.1766754204636421,0.22662898242035417,1928.0807500258027,0.0516,-0.3135975301265716,0.3651975301265716,HighNoise
197,105.9374386127096,0.213431458062027,0.1766754204636421,0.22662898242035417,1598.2691176201388,0.0,0.012424542568624,0.012424542568624,HighNoise
198,104.56463133807345,0.213431458062027,0.1766754204636421,0.22719624948323236,1946.2417354920653,0.2023,0.0083650108426809,0.1939349891573191,HighNoise
199,105.74357942516913,0.213431458062027,0.17649882893883231,0.2277649364524136,1660.311353284445,0.4404,-0.7605653405189514,1.2009653405189513,HighNoise
200,105.48088392790658,0.213431458062027,0.17632241392169148,0.2277649364524136,1669.0208526470915,0.0,-0.9311782121658324,0.9311782121658324,HighNoise
201,105.90376005975057,0.213431458062027,0.17614617523579582,0.22833504688201578,1513.2321540031285,0.34,-0.0833779871463775,0.42337798714637753,HighNoise
202,105.60598888186674,0.213431458062027,0.17597011270489776,0.22833504688201578,1660.0170972088085,-0.1695,-0.7665160894393921,0.5970160894393921,HighNoise
203,106.43610048067188,0.213431458062027,0.17579422615292598,0.22890658433505273,1567.6086064441693,0.5106,0.0,0.5106,HighNoise
204,107.84890755590334,0.213431458062027,0.17561851540398515,0.22947955238345685,1245.413690779112,0.4019,-0.8874440789222717,1.2893440789222717,HighNoise
205,109.78606482802466,0.213431458062027,0.17544298028235572,0.22947955238345685,1705.0937082118287,0.0,-0.9108296632766724,0.9108296632766724,HighNoise
206,108.94454382057897,0.213431458062027,0.17526762061249365,0.22947955238345685,1388.6567520103995,0.0,0.4499441683292389,0.4499441683292389,HighNoise
207,108.93046621722645,0.213431458062027,0.17509243621903062,0.22947955238345685,1390.3407295607049,-0.1531,0.5445453524589539,0.6976453524589539,HighNoise
208,109.93341532578843,0.213431458062027,0.17491742692677345,0.22947955238345685,1711.392266687863,0.0,0.321575790643692,0.321575790643692,HighNoise
209,110.09500857690585,0.213431458062027,0.17491742692677345,0.23005395460810124,1697.747520494456,0.25,0.0,0.25,HighNoise
210,112.2402895737669,0.213431458062027,0.17474259256070407,0.23005395460810124,2194.1248784409427,0.0,-0.3448251783847809,0.3448251783847809,HighNoise
211,109.15647182102622,0.213431458062027,0.17456793294597933,0.23005395460810124,1276.6708111041273,-0.128,-0.9353978037834167,0.8073978037834167,HighNoise
212,108.81927202710615,0.213431458062027,0.17439344790793088,0.23005395460810124,1215.571231680518,0.0,0.6000077724456787,0.6000077724456787,HighNoise
213,109.78438619357236,0.213431458062027,0.17421913727206498,0.23005395460810124,1534.7508604922346,0.0,-0.9275534749031068,0.9275534749031068,HighNoise
214,109.57261576513083,0.213431458062027,0.17404500086406216,0.23005395460810124,1469.717472622564,0.0,-0.7283705472946167,0.7283705472946167,HighNoise
215,108.83227820727046,0.213431458062027,0.1738710385097773,0.23005395460810124,1207.3183464467306,0.0,0.4821631908416748,0.4821631908416748,HighNoise
216,110.32415765781542,0.213431458062027,0.1738710385097773,0.23062979459882219,1470.9773665124796,0.2263,-0.0288667008280754,0.2551667008280754,HighNoise
217,109.61936638092995,0.213431458062027,0.1738710385097773,0.23062979459882219,1400.552214127511,0.0,0.0342179909348487,0.0342179909348487,HighNoise
218,108.77119478654875,0.213431458062027,0.17369725003523942,0.23062979459882219,1181.6588363838307,0.0,-0.4228474199771881,0.4228474199771881,HighNoise
219,111.52072125339839,0.21396569086423797,0.17352363526665138,0.23062979459882219,1875.497760031169,-0.1531,0.26607346534729,0.41917346534729,HighNoise
220,113.30456210131867,0.21396569086423797,0.17335019403038965,0.23062979459882219,2339.305714844686,0.0,0.8111298084259033,0.8111298084259033,HighNoise
221,110.95732472473404,0.21396569086423797,0.17317692615300428,0.23062979459882219,1685.3437561768144,0.0,-0.9101523160934448,0.9101523160934448,HighNoise
222,110.90636463357463,0.21396569086423797,0.17300383146121878,0.23120707595444154,1545.8367219976742,0.6249,-0.7244755029678345,1.3493755029678345,HighNoise
223,109.62109121856435,0.21396569086423797,0.17283090978192972,0.23120707595444154,1267.6126482800178,0.0,0.5777733325958252,0.5777733325958252,HighNoise
224,108.11299337314755,0.21396569086423797,0.17283090978192972,0.23120707595444154,874.1149575111286,0.0,0.0448497310280799,0.0448497310280799,HighNoise
225,108.0432019370664,0.21396569086423797,0.17265816094220676,0.23178580228278922,851.445987513138,0.2716,-0.9238221645355223,1.1954221645355223,HighNoise
226,106.80053905897462,0.21396569086423797,0.17248558476929246,0.23178580228278922,1121.6913043757186,0.0,-0.6370048522949219,0.6370048522949219,HighNoise
227,106.36116348252591,0.21396569086423797,0.17248558476929246,0.23236597720072594,1064.6358344392359,0.5267,0.7701044082641602,0.2434044082641602,HighNoise
228,105.73854302192723,0.21396569086423797,0.172313181090602,0.23236597720072594,1318.3570177932354,0.0,0.330027163028717,0.330027163028717,HighNoise
229,105.50781994277857,0.21396569086423797,0.172313181090602,0.23294760433416548,1473.3707791844597,0.5106,0.4011715948581695,0.10942840514183055,HighNoise
230,106.18272637603451,0.21396569086423797,0.17214094973372304,0.23294760433416548,1124.5820187261195,0.0,-0.8234425783157349,0.8234425783157349,HighNoise
231,105.41392882249475,0.21396569086423797,0.17214094973372304,0.23294760433416548,1538.5090019696945,0.0,-0.2145862877368927,0.2145862877368927,HighNoise
232,106.68818381311485,0.21396569086423797,0.1719688905264156,0.23294760433416548,1091.8018480328678,0.0,0.5657346248626709,0.5657346248626709,HighNoise
233,104.21654994805763,0.21396569086423797,0.17179700329661182,0.23353068731809737,1990.2756023363768,0.4404,0.7645168304443359,0.3241168304443359,HighNoise
234,103.72157652034933,0.21396569086423797,0.17162528787241596,0.23353068731809737,1939.2812024239968,0.0,0.893552839756012,0.893552839756012,HighNoise
235,101.18931708347243,0.21396569086423797,0.1714537440821039,0.23411522979661017,2926.5457665992776,0.4404,-0.0920048654079437,0.5324048654079437,HighNoise
236,102.79420703343811,0.21396569086423797,0.17128237175412336,0.2347012354229137,2417.1605921989917,0.4404,0.7929883003234863,0.3525883003234863,HighNoise
237,105.03015697703147,0.21396569086423797,0.1711111707170933,0.2347012354229137,1291.2248713728604,0.0,-0.8549371361732483,0.8549371361732483,HighNoise
238,105.3481491160244,0.21396569086423797,0.1709401407998042,0.2347012354229137,1238.0349994255155,0.0,0.8600346446037292,0.8600346446037292,HighNoise
239,105.10156767105275,0.21396569086423797,0.1709401407998042,0.2347012354229137,1237.3034822607353,0.0,0.0916647315025329,0.0916647315025329,HighNoise
240,103.62352109988092,0.21396569086423797,0.17076928183121753,0.23528870785936165,1835.8167285543018,0.8271,-0.1339101344347,0.9610101344347,HighNoise
241,102.07574463160154,0.21396569086423797,0.17076928183121753,0.23587765077747525,2417.5334921673707,0.6369,0.7077078223228455,0.07080782232284544,HighNoise
242,101.02249998417942,0.21396569086423797,0.17059859364046573,0.23587765077747525,2776.0214558392963,0.0,0.5334928035736084,0.5334928035736084,HighNoise
243,100.07822434502127,0.21396569086423797,0.17059859364046573,0.23587765077747525,3246.6476094572213,0.0,-0.1760283708572387,0.1760283708572387,HighNoise
244,99.28792120330807,0.21396569086423797,0.17042807605685217,0.23587765077747525,3029.791154271968,0.0,-0.9278998970985411,0.9278998970985411,HighNoise
245,97.12285820901319,0.21396569086423797,0.17042807605685217,0.23587765077747525,2219.342100955961,0.0,-0.0654447078704834,0.0654447078704834,HighNoise
246,95.99233335764642,0.21396569086423797,0.17025772890985064,0.23646806785796554,1396.4093454232395,0.457,0.0,0.457,HighNoise
247,96.23222556374105,0.21396569086423797,0.1700875520291055,0.23705996279075678,1518.6336701678974,0.25,-0.2961072623729706,0.5461072623729706,HighNoise
248,96.44532169930342,0.21396569086423797,0.16991754524443128,0.23705996279075678,1496.1154713469105,0.0,0.7647792100906372,0.7647792100906372,HighNoise
249,98.39704411899939,0.21396569086423797,0.16974770838581277,0.23705996279075678,2836.977503157409,-0.128,-0.8929523825645447,0.7649523825645447,HighNoise
250,96.69565605876039,0.21396569086423797,0.16957804128340456,0.23765333927500923,1904.3717097264039,0.2716,-0.920210063457489,1.191810063457489,HighNoise
251,95.32036314992945,0.21396569086423797,0.16940854376753106,0.23824820101914243,510.1796684697332,0.4019,0.0,0.4019,HighNoise
